id,creation_time,failed,failed_reason,time_of_death,property1,property2,property3,property4,property5,details,assignment_id,event_type,class
1,"{""py/object"": ""datetime.datetime"", ""__reduce__"": [{""py/type"": ""datetime.datetime""}, [""B+oCGgAdLw0Z3g==""]]}",False,,,,,,,,{},04rxme38n7b9,RecruiterSubmissionComplete,Notification
2,"{""py/object"": ""datetime.datetime"", ""__reduce__"": [{""py/type"": ""datetime.datetime""}, [""B+oCGgA2KgMxEw==""]]}",False,,,,,,,,{},699f9631ca726eb7a329e30c,RecruiterSubmissionComplete,Notification
3,"{""py/object"": ""datetime.datetime"", ""__reduce__"": [{""py/type"": ""datetime.datetime""}, [""B+oCGgA3CAOv9A==""]]}",False,,,,,,,,{},699f960c01bf1c41bcf62dd2,RecruiterSubmissionComplete,Notification
4,"{""py/object"": ""datetime.datetime"", ""__reduce__"": [{""py/type"": ""datetime.datetime""}, [""B+oCGgEMBAgENA==""]]}",False,,,,,,,,{},699f9cf0711589386528f486,RecruiterSubmissionComplete,Notification
5,"{""py/object"": ""datetime.datetime"", ""__reduce__"": [{""py/type"": ""datetime.datetime""}, [""B+oCGgERCgWhzw==""]]}",False,,,,,,,,{},699f9cefed06d7f332e3e160,RecruiterSubmissionComplete,Notification
6,"{""py/object"": ""datetime.datetime"", ""__reduce__"": [{""py/type"": ""datetime.datetime""}, [""B+oCGgEXCweN7g==""]]}",False,,,,,,,,{},699f9b72ebf74a42b8f4016e,RecruiterSubmissionComplete,Notification
7,"{""py/object"": ""datetime.datetime"", ""__reduce__"": [{""py/type"": ""datetime.datetime""}, [""B+oCGgEmOwA4Ig==""]]}",False,,,,,,,,{},699fa18a06172fca52e1a696,RecruiterSubmissionComplete,Notification
8,"{""py/object"": ""datetime.datetime"", ""__reduce__"": [{""py/type"": ""datetime.datetime""}, [""B+oCGgE6KwFaVg==""]]}",False,,,,,,,,{},699fa70bbc7c6bf4232422eb,RecruiterSubmissionComplete,Notification
9,"{""py/object"": ""datetime.datetime"", ""__reduce__"": [{""py/type"": ""datetime.datetime""}, [""B+oCGgIDGQaRog==""]]}",False,,,,,,,,{},699fa76b35a967b56affb30f,RecruiterSubmissionComplete,Notification
10,"{""py/object"": ""datetime.datetime"", ""__reduce__"": [{""py/type"": ""datetime.datetime""}, [""B+oCGgIeJwwV9A==""]]}",False,,,,,,,,{},699fadf9aefa05e020b5a10a,RecruiterSubmissionComplete,Notification
11,"{""py/object"": ""datetime.datetime"", ""__reduce__"": [{""py/type"": ""datetime.datetime""}, [""B+oCGgMHKg7q9Q==""]]}",False,,,,,,,,{},699fb6b3464473ad605ac30c,RecruiterSubmissionComplete,Notification
12,"{""py/object"": ""datetime.datetime"", ""__reduce__"": [{""py/type"": ""datetime.datetime""}, [""B+oCGgMsHwta4A==""]]}",False,,,,,,,,{},699fc0901f1efea8bed5e3d6,RecruiterSubmissionComplete,Notification
13,"{""py/object"": ""datetime.datetime"", ""__reduce__"": [{""py/type"": ""datetime.datetime""}, [""B+oCGgMuLgd6iQ==""]]}",False,,,,,,,,{},699fbd9970ae50db2ae5ca27,RecruiterSubmissionComplete,Notification
14,"{""py/object"": ""datetime.datetime"", ""__reduce__"": [{""py/type"": ""datetime.datetime""}, [""B+oCGgQJCQXvWw==""]]}",False,,,,,,,,{},699fc4b760af08831f53ef9a,RecruiterSubmissionComplete,Notification
15,"{""py/object"": ""datetime.datetime"", ""__reduce__"": [{""py/type"": ""datetime.datetime""}, [""B+oCGgQ3FgpMag==""]]}",False,,,,,,,,{},699fd1a06d7c3e7d0dd09648,AssignmentReturned,Notification
16,"{""py/object"": ""datetime.datetime"", ""__reduce__"": [{""py/type"": ""datetime.datetime""}, [""B+oCGgQ6BAPU2Q==""]]}",False,,,,,,,,{},699fd0d54e89119baf039192,RecruiterSubmissionComplete,Notification
17,"{""py/object"": ""datetime.datetime"", ""__reduce__"": [{""py/type"": ""datetime.datetime""}, [""B+oCGgUBAAyY+g==""]]}",False,,,,,,,,{},699fd1c53fe8dafc7b2e9f88,RecruiterSubmissionComplete,Notification
18,"{""py/object"": ""datetime.datetime"", ""__reduce__"": [{""py/type"": ""datetime.datetime""}, [""B+oCGgUCFgclUQ==""]]}",False,,,,,,,,{},699fd24132e88f4d6d9c6c1b,RecruiterSubmissionComplete,Notification
19,"{""py/object"": ""datetime.datetime"", ""__reduce__"": [{""py/type"": ""datetime.datetime""}, [""B+oCGgUDHQkb6Q==""]]}",False,,,,,,,,{},699fd1ca91b98e0a356c5a26,RecruiterSubmissionComplete,Notification
20,"{""py/object"": ""datetime.datetime"", ""__reduce__"": [{""py/type"": ""datetime.datetime""}, [""B+oCGgUEIgfFpg==""]]}",False,,,,,,,,{},699fd232a4e18f46a2d5e3f6,RecruiterSubmissionComplete,Notification
21,"{""py/object"": ""datetime.datetime"", ""__reduce__"": [{""py/type"": ""datetime.datetime""}, [""B+oCGhEfEQNTUQ==""]]}",False,,,,,,,,{},69a0828fea466b74cf9a2190,RecruiterSubmissionComplete,Notification
22,"{""py/object"": ""datetime.datetime"", ""__reduce__"": [{""py/type"": ""datetime.datetime""}, [""B+oCGhEgLASItA==""]]}",False,,,,,,,,{},69a082922e455c685d3d10dd,RecruiterSubmissionComplete,Notification
23,"{""py/object"": ""datetime.datetime"", ""__reduce__"": [{""py/type"": ""datetime.datetime""}, [""B+oCGhEhNwYdxA==""]]}",False,,,,,,,,{},69a0829d90984a3cd1ece9b7,RecruiterSubmissionComplete,Notification
24,"{""py/object"": ""datetime.datetime"", ""__reduce__"": [{""py/type"": ""datetime.datetime""}, [""B+oCGhMKMg3ToA==""]]}",False,,,,,,,,{},69a099c0eca8b42368292f0b,RecruiterSubmissionComplete,Notification
25,"{""py/object"": ""datetime.datetime"", ""__reduce__"": [{""py/type"": ""datetime.datetime""}, [""B+oCGhMPDwKKEw==""]]}",False,,,,,,,,{},69a099380a732333a8812d28,RecruiterSubmissionComplete,Notification
26,"{""py/object"": ""datetime.datetime"", ""__reduce__"": [{""py/type"": ""datetime.datetime""}, [""B+oCGhMRIQ1kEQ==""]]}",False,,,,,,,,{},69a0994843f1571f826b73b9,RecruiterSubmissionComplete,Notification
27,"{""py/object"": ""datetime.datetime"", ""__reduce__"": [{""py/type"": ""datetime.datetime""}, [""B+oCGhMZGgcxmA==""]]}",False,,,,,,,,{},69a09c9471c96f9ed48fd585,RecruiterSubmissionComplete,Notification
28,"{""py/object"": ""datetime.datetime"", ""__reduce__"": [{""py/type"": ""datetime.datetime""}, [""B+oCGhMZKAZ3kQ==""]]}",False,,,,,,,,{},69a09c93b5e734dd2477b483,RecruiterSubmissionComplete,Notification
29,"{""py/object"": ""datetime.datetime"", ""__reduce__"": [{""py/type"": ""datetime.datetime""}, [""B+oCGhMbJAc3Mw==""]]}",False,,,,,,,,{},69a09c8e0a8ecd80e6eb338b,RecruiterSubmissionComplete,Notification
30,"{""py/object"": ""datetime.datetime"", ""__reduce__"": [{""py/type"": ""datetime.datetime""}, [""B+oCGhMyGAzxTg==""]]}",False,,,,,,,,{},69a09c90f5c631c74c0c7cba,RecruiterSubmissionComplete,Notification
31,"{""py/object"": ""datetime.datetime"", ""__reduce__"": [{""py/type"": ""datetime.datetime""}, [""B+oCGhM5AAYkoQ==""]]}",False,,,,,,,,{},69a0993c2a0c53002a46959e,RecruiterSubmissionComplete,Notification
32,"{""py/object"": ""datetime.datetime"", ""__reduce__"": [{""py/type"": ""datetime.datetime""}, [""B+oCGhQZGgA2IQ==""]]}",False,,,,,,,,{},69a0ab419affae6dbc5bf995,RecruiterSubmissionComplete,Notification
33,"{""py/object"": ""datetime.datetime"", ""__reduce__"": [{""py/type"": ""datetime.datetime""}, [""B+oCGhQbIwD7fw==""]]}",False,,,,,,,,{},69a0ab43c57e6e8da146df09,RecruiterSubmissionComplete,Notification
34,"{""py/object"": ""datetime.datetime"", ""__reduce__"": [{""py/type"": ""datetime.datetime""}, [""B+oCGhQcJglc1A==""]]}",False,,,,,,,,{},69a0ab3d7d7ebb2291db786e,RecruiterSubmissionComplete,Notification
35,"{""py/object"": ""datetime.datetime"", ""__reduce__"": [{""py/type"": ""datetime.datetime""}, [""B+oCGhQdKwsAHQ==""]]}",False,,,,,,,,{},69a0ab37b037f7e35804389f,RecruiterSubmissionComplete,Notification
36,"{""py/object"": ""datetime.datetime"", ""__reduce__"": [{""py/type"": ""datetime.datetime""}, [""B+oCGhUOOwhjBQ==""]]}",False,,,,,,,,{},69a0b66c8b60dcd8fd9f1de5,RecruiterSubmissionComplete,Notification
37,"{""py/object"": ""datetime.datetime"", ""__reduce__"": [{""py/type"": ""datetime.datetime""}, [""B+oCGhUQOQdkhQ==""]]}",False,,,,,,,,{},69a0b5f39546eceaed8d6fac,RecruiterSubmissionComplete,Notification
38,"{""py/object"": ""datetime.datetime"", ""__reduce__"": [{""py/type"": ""datetime.datetime""}, [""B+oCGhURCA39ig==""]]}",False,,,,,,,,{},69a0b673371bb460026b110b,RecruiterSubmissionComplete,Notification
39,"{""py/object"": ""datetime.datetime"", ""__reduce__"": [{""py/type"": ""datetime.datetime""}, [""B+oCGhUTDQjEhQ==""]]}",False,,,,,,,,{},69a0b672d4d158726faa869d,RecruiterSubmissionComplete,Notification
40,"{""py/object"": ""datetime.datetime"", ""__reduce__"": [{""py/type"": ""datetime.datetime""}, [""B+oCGhUVEwJpMA==""]]}",False,,,,,,,,{},69a0b774b6e348e5c9a98942,RecruiterSubmissionComplete,Notification
41,"{""py/object"": ""datetime.datetime"", ""__reduce__"": [{""py/type"": ""datetime.datetime""}, [""B+oCGhUkAASg9Q==""]]}",False,,,,,,,,{},69a0b69c429edda9fe6b5727,RecruiterSubmissionComplete,Notification
42,"{""py/object"": ""datetime.datetime"", ""__reduce__"": [{""py/type"": ""datetime.datetime""}, [""B+oCGhU3OA0C8A==""]]}",False,,,,,,,,{},69a0c02dedfeac26e4d698c7,RecruiterSubmissionComplete,Notification
43,"{""py/object"": ""datetime.datetime"", ""__reduce__"": [{""py/type"": ""datetime.datetime""}, [""B+oCGhU4FA0dhg==""]]}",False,,,,,,,,{},69a0c024c1cbd7d8bb945de8,RecruiterSubmissionComplete,Notification
44,"{""py/object"": ""datetime.datetime"", ""__reduce__"": [{""py/type"": ""datetime.datetime""}, [""B+oCGhYAHgKkkQ==""]]}",False,,,,,,,,{},69a0c026146437320dd56045,RecruiterSubmissionComplete,Notification
45,"{""py/object"": ""datetime.datetime"", ""__reduce__"": [{""py/type"": ""datetime.datetime""}, [""B+oCGhYBBgE2UQ==""]]}",False,,,,,,,,{},69a0c02e5c68e26e289474ec,RecruiterSubmissionComplete,Notification
46,"{""py/object"": ""datetime.datetime"", ""__reduce__"": [{""py/type"": ""datetime.datetime""}, [""B+oCGhYRNQVU9w==""]]}",False,,,,,,,,{},69a0c030a3eb549159a7d1d5,RecruiterSubmissionComplete,Notification
47,"{""py/object"": ""datetime.datetime"", ""__reduce__"": [{""py/type"": ""datetime.datetime""}, [""B+oCGxAzJAaidw==""]]}",False,,,,,,,,{},69a1cad16ca9f0179e21921a,RecruiterSubmissionComplete,Notification
48,"{""py/object"": ""datetime.datetime"", ""__reduce__"": [{""py/type"": ""datetime.datetime""}, [""B+oCGxA0Ogi1kA==""]]}",False,,,,,,,,{},69a1cad751aafa5c03f791d1,RecruiterSubmissionComplete,Notification
49,"{""py/object"": ""datetime.datetime"", ""__reduce__"": [{""py/type"": ""datetime.datetime""}, [""B+oCGxA3GgrVFg==""]]}",False,,,,,,,,{},69a1cad93d4a1e31c5df66ef,RecruiterSubmissionComplete,Notification
50,"{""py/object"": ""datetime.datetime"", ""__reduce__"": [{""py/type"": ""datetime.datetime""}, [""B+oCGxA3MQeARw==""]]}",False,,,,,,,,{},69a1cadf8368e9ffa29f7045,RecruiterSubmissionComplete,Notification
51,"{""py/object"": ""datetime.datetime"", ""__reduce__"": [{""py/type"": ""datetime.datetime""}, [""B+oCGxA4EwSoNQ==""]]}",False,,,,,,,,{},69a1cadd4fabf4ad1f1bfa6c,RecruiterSubmissionComplete,Notification
52,"{""py/object"": ""datetime.datetime"", ""__reduce__"": [{""py/type"": ""datetime.datetime""}, [""B+oCGxA5FAcWqQ==""]]}",False,,,,,,,,{},69a1caf3c11c68c9e835cd1d,RecruiterSubmissionComplete,Notification
53,"{""py/object"": ""datetime.datetime"", ""__reduce__"": [{""py/type"": ""datetime.datetime""}, [""B+oCGxA6JwD58Q==""]]}",False,,,,,,,,{},69a1cadc94b297cbf5b23b7e,RecruiterSubmissionComplete,Notification
54,"{""py/object"": ""datetime.datetime"", ""__reduce__"": [{""py/type"": ""datetime.datetime""}, [""B+oCGxQXFQVuhg==""]]}",False,,,,,,,,{},69a1fbd72cb2fd519ff382f1,RecruiterSubmissionComplete,Notification
55,"{""py/object"": ""datetime.datetime"", ""__reduce__"": [{""py/type"": ""datetime.datetime""}, [""B+oCGxQYFAkndw==""]]}",False,,,,,,,,{},69a1fbdd3399755b201b581b,RecruiterSubmissionComplete,Notification
56,"{""py/object"": ""datetime.datetime"", ""__reduce__"": [{""py/type"": ""datetime.datetime""}, [""B+oCGxQYIgWySA==""]]}",False,,,,,,,,{},69a1fbf18410a7bedf41b6d7,RecruiterSubmissionComplete,Notification
57,"{""py/object"": ""datetime.datetime"", ""__reduce__"": [{""py/type"": ""datetime.datetime""}, [""B+oCGxQZBQEalA==""]]}",False,,,,,,,,{},69a1fbdfecc87d8c64e7f260,RecruiterSubmissionComplete,Notification
58,"{""py/object"": ""datetime.datetime"", ""__reduce__"": [{""py/type"": ""datetime.datetime""}, [""B+oCGxQbAAhHpg==""]]}",False,,,,,,,,{},69a1fbd4b80f2449d7c49935,RecruiterSubmissionComplete,Notification
59,"{""py/object"": ""datetime.datetime"", ""__reduce__"": [{""py/type"": ""datetime.datetime""}, [""B+oCGxQcBgbdgQ==""]]}",False,,,,,,,,{},69a1fbd2f8903da522a67504,RecruiterSubmissionComplete,Notification
60,"{""py/object"": ""datetime.datetime"", ""__reduce__"": [{""py/type"": ""datetime.datetime""}, [""B+oCHAIPMQQRXQ==""]]}",False,,,,,,,,{},69a24ec1e32a1baebc8bb5f4,RecruiterSubmissionComplete,Notification
61,"{""py/object"": ""datetime.datetime"", ""__reduce__"": [{""py/type"": ""datetime.datetime""}, [""B+oCHAIQDwpFrA==""]]}",False,,,,,,,,{},69a24ebe323ab883f90acc80,RecruiterSubmissionComplete,Notification
62,"{""py/object"": ""datetime.datetime"", ""__reduce__"": [{""py/type"": ""datetime.datetime""}, [""B+oCHAITMgp9uA==""]]}",False,,,,,,,,{},69a24ec83c2f3986fe657b96,RecruiterSubmissionComplete,Notification
63,"{""py/object"": ""datetime.datetime"", ""__reduce__"": [{""py/type"": ""datetime.datetime""}, [""B+oCHAIUKQ2ojw==""]]}",False,,,,,,,,{},69a24eb17e9a3f5627422f19,RecruiterSubmissionComplete,Notification
64,"{""py/object"": ""datetime.datetime"", ""__reduce__"": [{""py/type"": ""datetime.datetime""}, [""B+oCHAIVFgJ4Ug==""]]}",False,,,,,,,,{},69a24ec465e5d14a5e337480,RecruiterSubmissionComplete,Notification
65,"{""py/object"": ""datetime.datetime"", ""__reduce__"": [{""py/type"": ""datetime.datetime""}, [""B+oDARQ0JwFjQg==""]]}",False,,,,,,,,{},69a4a56d61847d5d15a41ade,RecruiterSubmissionComplete,Notification
66,"{""py/object"": ""datetime.datetime"", ""__reduce__"": [{""py/type"": ""datetime.datetime""}, [""B+oDARQ1MwFKRQ==""]]}",False,,,,,,,,{},69a4a5779789fbc20d478bcf,RecruiterSubmissionComplete,Notification
67,"{""py/object"": ""datetime.datetime"", ""__reduce__"": [{""py/type"": ""datetime.datetime""}, [""B+oDARQ7IgIcyA==""]]}",False,,,,,,,,{},69a4a56cc9325ae63f4518c2,RecruiterSubmissionComplete,Notification
