vars,creation_time,failed,failed_reason,time_of_death,id,module_id,participant_id,time_started,time_finished,time_aborted,started,finished,aborted,type,class,object_type
{},2026-03-10 01:14:46,False,,,1,mit_consent,1,2026-03-10 01:14:46,2026-03-10 01:14:49,,True,True,False,ModuleState,ModuleState,ModuleState
{},2026-03-10 01:17:53,False,,,4,feedback,1,2026-03-10 01:17:53,2026-03-10 01:18:04,,True,True,False,ModuleState,ModuleState,ModuleState
{},2026-03-10 01:44:31,False,,,5,mit_consent,2,2026-03-10 01:44:31,2026-03-10 01:44:35,,True,True,False,ModuleState,ModuleState,ModuleState
{},2026-03-10 01:50:26,False,,,8,mit_consent,3,2026-03-10 01:50:26,2026-03-10 01:50:31,,True,True,False,ModuleState,ModuleState,ModuleState
{},2026-03-10 01:50:53,False,,,9,feedback,2,2026-03-10 01:50:53,2026-03-10 01:51:17,,True,True,False,ModuleState,ModuleState,ModuleState
{},2026-03-10 01:56:35,False,,,12,feedback,3,2026-03-10 01:56:35,2026-03-10 01:56:54,,True,True,False,ModuleState,ModuleState,ModuleState
{},2026-03-10 01:56:41,False,,,13,mit_consent,4,2026-03-10 01:56:41,2026-03-10 01:56:50,,True,True,False,ModuleState,ModuleState,ModuleState
{},2026-03-10 02:09:36,False,,,16,feedback,4,2026-03-10 02:09:36,2026-03-10 02:10:19,,True,True,False,ModuleState,ModuleState,ModuleState
{},2026-03-10 02:44:51,False,,,17,mit_consent,5,2026-03-10 02:44:51,2026-03-10 02:44:54,,True,True,False,ModuleState,ModuleState,ModuleState
{},2026-03-10 02:48:23,False,,,20,feedback,5,2026-03-10 02:48:23,2026-03-10 02:48:36,,True,True,False,ModuleState,ModuleState,ModuleState
{},2026-03-10 17:13:04,False,,,21,mit_consent,6,2026-03-10 17:13:04,2026-03-10 17:13:39,,True,True,False,ModuleState,ModuleState,ModuleState
{},2026-03-10 17:23:13,False,,,24,mit_consent,7,2026-03-10 17:23:13,2026-03-10 17:23:42,,True,True,False,ModuleState,ModuleState,ModuleState
{},2026-03-10 17:23:26,False,,,25,feedback,6,2026-03-10 17:23:26,2026-03-10 17:23:55,,True,True,False,ModuleState,ModuleState,ModuleState
{},2026-03-10 17:31:33,False,,,28,feedback,7,2026-03-10 17:31:33,2026-03-10 17:31:47,,True,True,False,ModuleState,ModuleState,ModuleState
{},2026-03-10 18:00:22,False,,,29,mit_consent,8,2026-03-10 18:00:22,2026-03-10 18:00:37,,True,True,False,ModuleState,ModuleState,ModuleState
{},2026-03-10 18:05:03,False,,,32,feedback,8,2026-03-10 18:05:03,2026-03-10 18:05:34,,True,True,False,ModuleState,ModuleState,ModuleState
{},2026-03-10 18:10:40,False,,,33,mit_consent,9,2026-03-10 18:10:40,2026-03-10 18:10:52,,True,True,False,ModuleState,ModuleState,ModuleState
{},2026-03-10 18:11:42,False,,,35,mit_consent,10,2026-03-10 18:11:42,2026-03-10 18:11:48,,True,True,False,ModuleState,ModuleState,ModuleState
{},2026-03-10 18:15:30,False,,,39,feedback,9,2026-03-10 18:15:30,2026-03-10 18:15:46,,True,True,False,ModuleState,ModuleState,ModuleState
{},2026-03-10 18:16:50,False,,,40,feedback,10,2026-03-10 18:16:50,2026-03-10 18:18:02,,True,True,False,ModuleState,ModuleState,ModuleState
{},2026-03-10 18:20:26,False,,,41,mit_consent,11,2026-03-10 18:20:26,2026-03-10 18:20:34,,True,True,False,ModuleState,ModuleState,ModuleState
{},2026-03-10 18:28:32,False,,,44,mit_consent,12,2026-03-10 18:28:32,2026-03-10 18:28:36,,True,True,False,ModuleState,ModuleState,ModuleState
{},2026-03-10 18:33:15,False,,,47,feedback,12,2026-03-10 18:33:15,2026-03-10 18:33:28,,True,True,False,ModuleState,ModuleState,ModuleState
{},2026-03-10 19:12:36,False,,,48,mit_consent,13,2026-03-10 19:12:36,2026-03-10 19:14:34,,True,True,False,ModuleState,ModuleState,ModuleState
{},2026-03-10 19:12:52,False,,,49,mit_consent,14,2026-03-10 19:12:52,2026-03-10 19:12:54,,True,True,False,ModuleState,ModuleState,ModuleState
{},2026-03-10 19:17:37,False,,,54,feedback,13,2026-03-10 19:17:37,2026-03-10 19:17:57,,True,True,False,ModuleState,ModuleState,ModuleState
{},2026-03-10 19:18:28,False,,,55,feedback,14,2026-03-10 19:18:28,2026-03-10 19:19:04,,True,True,False,ModuleState,ModuleState,ModuleState
{},2026-03-10 20:28:26,False,,,56,mit_consent,15,2026-03-10 20:28:26,2026-03-10 20:29:23,,True,True,False,ModuleState,ModuleState,ModuleState
{},2026-03-10 20:28:27,False,,,57,mit_consent,16,2026-03-10 20:28:27,2026-03-10 20:28:34,,True,True,False,ModuleState,ModuleState,ModuleState
{},2026-03-10 20:28:41,False,,,58,mit_consent,17,2026-03-10 20:28:41,2026-03-10 20:28:45,,True,True,False,ModuleState,ModuleState,ModuleState
{},2026-03-10 20:28:42,False,,,59,mit_consent,18,2026-03-10 20:28:42,2026-03-10 20:29:08,,True,True,False,ModuleState,ModuleState,ModuleState
{},2026-03-10 20:28:45,False,,,60,mit_consent,19,2026-03-10 20:28:45,2026-03-10 20:28:50,,True,True,False,ModuleState,ModuleState,ModuleState
{},2026-03-10 20:29:12,False,,,63,mit_consent,20,2026-03-10 20:29:12,2026-03-10 20:29:24,,True,True,False,ModuleState,ModuleState,ModuleState
{},2026-03-10 20:29:13,False,,,65,mit_consent,21,2026-03-10 20:29:13,2026-03-10 20:29:41,,True,True,False,ModuleState,ModuleState,ModuleState
{},2026-03-10 20:31:05,False,,,76,mit_consent,22,2026-03-10 20:31:05,2026-03-10 20:32:02,,True,True,False,ModuleState,ModuleState,ModuleState
{},2026-03-10 20:32:32,False,,,78,feedback,19,2026-03-10 20:32:32,2026-03-10 20:32:51,,True,True,False,ModuleState,ModuleState,ModuleState
{},2026-03-10 20:33:35,False,,,80,feedback,16,2026-03-10 20:33:35,2026-03-10 20:33:57,,True,True,False,ModuleState,ModuleState,ModuleState
{},2026-03-10 20:33:37,False,,,81,feedback,20,2026-03-10 20:33:37,2026-03-10 20:33:50,,True,True,False,ModuleState,ModuleState,ModuleState
{},2026-03-10 20:34:06,False,,,83,feedback,17,2026-03-10 20:34:06,2026-03-10 20:34:43,,True,True,False,ModuleState,ModuleState,ModuleState
{},2026-03-10 20:35:05,False,,,84,feedback,18,2026-03-10 20:35:05,2026-03-10 20:35:17,,True,True,False,ModuleState,ModuleState,ModuleState
{},2026-03-10 20:36:11,False,,,85,feedback,21,2026-03-10 20:36:11,2026-03-10 20:36:34,,True,True,False,ModuleState,ModuleState,ModuleState
{},2026-03-10 20:37:00,False,,,86,feedback,15,2026-03-10 20:37:00,2026-03-10 20:37:15,,True,True,False,ModuleState,ModuleState,ModuleState
{},2026-03-10 20:39:14,False,,,87,feedback,22,2026-03-10 20:39:14,2026-03-10 20:41:12,,True,True,False,ModuleState,ModuleState,ModuleState
{},2026-03-10 20:40:12,False,,,88,mit_consent,23,2026-03-10 20:40:12,2026-03-10 23:19:31,,True,True,False,ModuleState,ModuleState,ModuleState
{},2026-03-10 21:02:29,False,,,89,mit_consent,24,2026-03-10 21:02:29,2026-03-10 21:02:32,,True,True,False,ModuleState,ModuleState,ModuleState
{},2026-03-10 21:05:02,False,,,92,feedback,24,2026-03-10 21:05:02,2026-03-10 21:05:11,,True,True,False,ModuleState,ModuleState,ModuleState
{},2026-03-10 21:59:33,False,,,93,mit_consent,25,2026-03-10 21:59:33,2026-03-10 21:59:36,,True,True,False,ModuleState,ModuleState,ModuleState
{},2026-03-10 21:59:37,False,,,94,mit_consent,26,2026-03-10 21:59:37,2026-03-10 22:00:19,,True,True,False,ModuleState,ModuleState,ModuleState
{},2026-03-10 21:59:37,False,,,95,mit_consent,27,2026-03-10 21:59:37,2026-03-10 21:59:48,,True,True,False,ModuleState,ModuleState,ModuleState
{},2026-03-10 21:59:44,False,,,96,mit_consent,28,2026-03-10 21:59:44,2026-03-10 21:59:54,,True,True,False,ModuleState,ModuleState,ModuleState
{},2026-03-10 21:59:44,False,,,97,mit_consent,29,2026-03-10 21:59:44,2026-03-10 21:59:49,,True,True,False,ModuleState,ModuleState,ModuleState
{},2026-03-10 21:59:59,False,,,99,mit_consent,30,2026-03-10 21:59:59,2026-03-10 22:00:10,,True,True,False,ModuleState,ModuleState,ModuleState
{},2026-03-10 22:01:30,False,,,109,mit_consent,31,2026-03-10 22:01:30,2026-03-10 22:01:35,,True,True,False,ModuleState,ModuleState,ModuleState
{},2026-03-10 22:02:22,False,,,113,mit_consent,32,2026-03-10 22:02:22,2026-03-10 22:02:31,,True,True,False,ModuleState,ModuleState,ModuleState
{},2026-03-10 22:02:28,False,,,114,feedback,25,2026-03-10 22:02:28,2026-03-10 22:02:44,,True,True,False,ModuleState,ModuleState,ModuleState
{},2026-03-10 22:04:22,False,,,117,feedback,28,2026-03-10 22:04:22,2026-03-10 22:04:36,,True,True,False,ModuleState,ModuleState,ModuleState
{},2026-03-10 22:05:07,False,,,118,feedback,27,2026-03-10 22:05:07,2026-03-10 22:05:34,,True,True,False,ModuleState,ModuleState,ModuleState
{},2026-03-10 22:05:58,False,,,119,feedback,30,2026-03-10 22:05:58,,,True,False,False,ModuleState,ModuleState,ModuleState
{},2026-03-10 22:06:09,False,,,120,feedback,26,2026-03-10 22:06:09,2026-03-10 22:06:27,,True,True,False,ModuleState,ModuleState,ModuleState
{},2026-03-10 22:07:44,False,,,121,feedback,31,2026-03-10 22:07:44,2026-03-10 22:08:08,,True,True,False,ModuleState,ModuleState,ModuleState
{},2026-03-10 22:13:13,False,,,122,feedback,29,2026-03-10 22:13:13,2026-03-10 22:13:25,,True,True,False,ModuleState,ModuleState,ModuleState
{},2026-03-10 22:24:44,False,,,124,feedback,32,2026-03-10 22:24:44,2026-03-10 22:25:02,,True,True,False,ModuleState,ModuleState,ModuleState
{},2026-03-10 23:24:31,False,,,127,feedback,23,2026-03-10 23:24:31,2026-03-10 23:24:54,,True,True,False,ModuleState,ModuleState,ModuleState
{},2026-03-10 23:25:08,False,,,128,mit_consent,33,2026-03-10 23:25:08,2026-03-10 23:25:22,,True,True,False,ModuleState,ModuleState,ModuleState
{},2026-03-10 23:25:27,False,,,129,mit_consent,34,2026-03-10 23:25:27,2026-03-10 23:25:32,,True,True,False,ModuleState,ModuleState,ModuleState
{},2026-03-10 23:25:31,False,,,130,mit_consent,35,2026-03-10 23:25:31,2026-03-10 23:25:38,,True,True,False,ModuleState,ModuleState,ModuleState
{},2026-03-10 23:25:39,False,,,131,mit_consent,36,2026-03-10 23:25:39,2026-03-10 23:25:45,,True,True,False,ModuleState,ModuleState,ModuleState
{},2026-03-10 23:26:02,False,,,134,mit_consent,37,2026-03-10 23:26:02,2026-03-10 23:26:24,,True,True,False,ModuleState,ModuleState,ModuleState
{},2026-03-10 23:30:05,False,,,142,feedback,33,2026-03-10 23:30:05,2026-03-10 23:30:15,,True,True,False,ModuleState,ModuleState,ModuleState
{},2026-03-10 23:30:11,False,,,143,feedback,35,2026-03-10 23:30:11,2026-03-10 23:30:27,,True,True,False,ModuleState,ModuleState,ModuleState
{},2026-03-10 23:31:29,False,,,145,feedback,36,2026-03-10 23:31:29,2026-03-10 23:31:44,,True,True,False,ModuleState,ModuleState,ModuleState
{},2026-03-10 23:32:04,False,,,146,feedback,37,2026-03-10 23:32:04,2026-03-10 23:32:26,,True,True,False,ModuleState,ModuleState,ModuleState
{},2026-03-10 23:35:59,False,,,147,feedback,34,2026-03-10 23:35:59,2026-03-10 23:36:27,,True,True,False,ModuleState,ModuleState,ModuleState
{},2026-03-11 02:51:57,False,,,148,mit_consent,38,2026-03-11 02:51:57,2026-03-11 02:52:00,,True,True,False,ModuleState,ModuleState,ModuleState
{},2026-03-11 02:51:57,False,,,149,mit_consent,39,2026-03-11 02:51:57,2026-03-11 02:52:03,,True,True,False,ModuleState,ModuleState,ModuleState
{},2026-03-11 02:52:12,False,,,151,mit_consent,40,2026-03-11 02:52:12,2026-03-11 02:52:26,,True,True,False,ModuleState,ModuleState,ModuleState
{},2026-03-11 02:55:05,False,,,157,feedback,39,2026-03-11 02:55:05,2026-03-11 02:55:36,,True,True,False,ModuleState,ModuleState,ModuleState
{},2026-03-11 02:55:10,False,,,158,mit_consent,41,2026-03-11 02:55:10,2026-03-11 02:56:10,,True,True,False,ModuleState,ModuleState,ModuleState
{},2026-03-11 02:55:35,False,,,159,feedback,38,2026-03-11 02:55:35,2026-03-11 02:55:46,,True,True,False,ModuleState,ModuleState,ModuleState
{},2026-03-11 02:57:38,False,,,162,feedback,40,2026-03-11 02:57:38,2026-03-11 02:57:55,,True,True,False,ModuleState,ModuleState,ModuleState
{},2026-03-11 02:57:45,False,,,163,mit_consent,42,2026-03-11 02:57:45,2026-03-11 02:57:52,,True,True,False,ModuleState,ModuleState,ModuleState
{},2026-03-11 03:03:51,False,,,166,feedback,42,2026-03-11 03:03:51,2026-03-11 03:06:32,,True,True,False,ModuleState,ModuleState,ModuleState
{},2026-03-11 03:04:17,False,,,167,feedback,41,2026-03-11 03:04:17,2026-03-11 03:05:02,,True,True,False,ModuleState,ModuleState,ModuleState
{},2026-03-11 15:48:05,False,,,168,mit_consent,43,2026-03-11 15:48:05,2026-03-11 15:48:08,,True,True,False,ModuleState,ModuleState,ModuleState
{},2026-03-11 15:48:09,False,,,169,mit_consent,44,2026-03-11 15:48:09,2026-03-11 15:48:12,,True,True,False,ModuleState,ModuleState,ModuleState
{},2026-03-11 15:48:22,False,,,171,mit_consent,45,2026-03-11 15:48:22,2026-03-11 15:48:36,,True,True,False,ModuleState,ModuleState,ModuleState
{},2026-03-11 15:48:25,False,,,173,mit_consent,46,2026-03-11 15:48:25,2026-03-11 15:48:36,,True,True,False,ModuleState,ModuleState,ModuleState
{},2026-03-11 15:48:26,False,,,174,mit_consent,47,2026-03-11 15:48:26,2026-03-11 15:48:29,,True,True,False,ModuleState,ModuleState,ModuleState
{},2026-03-11 15:48:28,False,,,175,mit_consent,48,2026-03-11 15:48:28,2026-03-11 15:48:49,,True,True,False,ModuleState,ModuleState,ModuleState
{},2026-03-11 15:48:28,False,,,176,mit_consent,49,2026-03-11 15:48:28,2026-03-11 15:48:57,,True,True,False,ModuleState,ModuleState,ModuleState
{},2026-03-11 15:48:32,False,,,177,mit_consent,50,2026-03-11 15:48:32,2026-03-11 15:48:50,,True,True,False,ModuleState,ModuleState,ModuleState
{},2026-03-11 15:48:55,False,,,181,mit_consent,51,2026-03-11 15:48:55,2026-03-11 15:49:08,,True,True,False,ModuleState,ModuleState,ModuleState
{},2026-03-11 15:49:42,False,,,189,mit_consent,52,2026-03-11 15:49:42,,,True,False,False,ModuleState,ModuleState,ModuleState
{},2026-03-11 15:50:49,False,,,196,mit_consent,53,2026-03-11 15:50:49,2026-03-11 15:51:15,,True,True,False,ModuleState,ModuleState,ModuleState
{},2026-03-11 15:50:58,False,,,197,feedback,44,2026-03-11 15:50:58,2026-03-11 15:51:10,,True,True,False,ModuleState,ModuleState,ModuleState
{},2026-03-11 15:51:48,False,,,199,feedback,43,2026-03-11 15:51:48,2026-03-11 15:52:12,,True,True,False,ModuleState,ModuleState,ModuleState
{},2026-03-11 15:52:56,False,,,201,feedback,49,2026-03-11 15:52:56,2026-03-11 15:53:19,,True,True,False,ModuleState,ModuleState,ModuleState
{},2026-03-11 15:53:07,False,,,202,feedback,47,2026-03-11 15:53:07,2026-03-11 15:53:19,,True,True,False,ModuleState,ModuleState,ModuleState
{},2026-03-11 15:53:20,False,,,203,feedback,48,2026-03-11 15:53:20,2026-03-11 15:53:31,,True,True,False,ModuleState,ModuleState,ModuleState
{},2026-03-11 15:54:02,False,,,204,feedback,46,2026-03-11 15:54:02,2026-03-11 15:54:21,,True,True,False,ModuleState,ModuleState,ModuleState
{},2026-03-11 15:54:15,False,,,205,feedback,51,2026-03-11 15:54:15,2026-03-11 15:54:54,,True,True,False,ModuleState,ModuleState,ModuleState
{},2026-03-11 15:54:59,False,,,206,feedback,45,2026-03-11 15:54:59,2026-03-11 15:55:19,,True,True,False,ModuleState,ModuleState,ModuleState
{},2026-03-11 15:56:57,False,,,207,feedback,53,2026-03-11 15:56:57,2026-03-11 15:57:57,,True,True,False,ModuleState,ModuleState,ModuleState
{},2026-03-11 15:57:29,False,,,208,feedback,50,2026-03-11 15:57:29,2026-03-11 15:58:12,,True,True,False,ModuleState,ModuleState,ModuleState
{},2026-03-11 19:01:55,False,,,209,mit_consent,54,2026-03-11 19:01:55,2026-03-11 19:02:00,,True,True,False,ModuleState,ModuleState,ModuleState
{},2026-03-11 19:01:59,False,,,210,mit_consent,55,2026-03-11 19:01:59,2026-03-11 19:02:08,,True,True,False,ModuleState,ModuleState,ModuleState
{},2026-03-11 19:02:42,False,,,213,mit_consent,56,2026-03-11 19:02:42,2026-03-11 19:02:46,,True,True,False,ModuleState,ModuleState,ModuleState
{},2026-03-11 19:02:54,False,,,215,mit_consent,57,2026-03-11 19:02:54,2026-03-11 19:03:27,,True,True,False,ModuleState,ModuleState,ModuleState
{},2026-03-11 19:04:45,False,,,221,mit_consent,58,2026-03-11 19:04:45,2026-03-11 19:05:19,,True,True,False,ModuleState,ModuleState,ModuleState
{},2026-03-11 19:06:40,False,,,224,feedback,56,2026-03-11 19:06:40,2026-03-11 19:06:56,,True,True,False,ModuleState,ModuleState,ModuleState
{},2026-03-11 19:06:58,False,,,225,feedback,55,2026-03-11 19:06:58,2026-03-11 19:07:17,,True,True,False,ModuleState,ModuleState,ModuleState
{},2026-03-11 19:07:13,False,,,226,feedback,54,2026-03-11 19:07:13,2026-03-11 19:07:24,,True,True,False,ModuleState,ModuleState,ModuleState
{},2026-03-11 19:08:27,False,,,227,feedback,57,2026-03-11 19:08:27,2026-03-11 19:08:41,,True,True,False,ModuleState,ModuleState,ModuleState
{},2026-03-11 19:11:35,False,,,228,feedback,58,2026-03-11 19:11:35,2026-03-11 19:11:54,,True,True,False,ModuleState,ModuleState,ModuleState
{},2026-03-12 14:50:06,False,,,229,mit_consent,59,2026-03-12 14:50:06,,,True,False,False,ModuleState,ModuleState,ModuleState
{},2026-03-12 14:50:11,False,,,230,mit_consent,60,2026-03-12 14:50:11,2026-03-12 14:50:14,,True,True,False,ModuleState,ModuleState,ModuleState
{},2026-03-12 14:50:18,False,,,231,mit_consent,61,2026-03-12 14:50:18,2026-03-12 14:50:21,,True,True,False,ModuleState,ModuleState,ModuleState
{},2026-03-12 14:50:19,False,,,232,mit_consent,62,2026-03-12 14:50:19,2026-03-12 14:50:23,,True,True,False,ModuleState,ModuleState,ModuleState
{},2026-03-12 14:50:20,False,,,233,mit_consent,63,2026-03-12 14:50:20,2026-03-12 14:50:32,,True,True,False,ModuleState,ModuleState,ModuleState
{},2026-03-12 14:50:42,False,,,235,mit_consent,64,2026-03-12 14:50:42,2026-03-12 14:51:21,,True,True,False,ModuleState,ModuleState,ModuleState
{},2026-03-12 14:50:42,False,,,236,mit_consent,65,2026-03-12 14:50:42,2026-03-12 14:50:53,,True,True,False,ModuleState,ModuleState,ModuleState
{},2026-03-12 14:52:24,False,,,247,mit_consent,66,2026-03-12 14:52:24,2026-03-12 14:52:41,,True,True,False,ModuleState,ModuleState,ModuleState
{},2026-03-12 14:53:20,False,,,250,mit_consent,67,2026-03-12 14:53:20,2026-03-12 14:57:51,,True,True,False,ModuleState,ModuleState,ModuleState
{},2026-03-12 14:54:02,False,,,252,mit_consent,68,2026-03-12 14:54:02,2026-03-12 14:55:03,,True,True,False,ModuleState,ModuleState,ModuleState
{},2026-03-12 14:54:35,False,,,253,feedback,61,2026-03-12 14:54:35,2026-03-12 14:54:46,,True,True,False,ModuleState,ModuleState,ModuleState
{},2026-03-12 14:55:21,False,,,254,feedback,60,2026-03-12 14:55:21,2026-03-12 14:55:48,,True,True,False,ModuleState,ModuleState,ModuleState
{},2026-03-12 14:55:33,False,,,255,feedback,62,2026-03-12 14:55:33,2026-03-12 14:55:44,,True,True,False,ModuleState,ModuleState,ModuleState
{},2026-03-12 14:55:56,False,,,257,feedback,64,2026-03-12 14:55:56,2026-03-12 14:56:39,,True,True,False,ModuleState,ModuleState,ModuleState
{},2026-03-12 14:56:17,False,,,258,feedback,65,2026-03-12 14:56:17,2026-03-12 14:56:42,,True,True,False,ModuleState,ModuleState,ModuleState
{},2026-03-12 14:56:34,False,,,259,feedback,63,2026-03-12 14:56:34,2026-03-12 14:56:54,,True,True,False,ModuleState,ModuleState,ModuleState
{},2026-03-12 14:59:01,False,,,262,feedback,66,2026-03-12 14:59:01,2026-03-12 14:59:50,,True,True,False,ModuleState,ModuleState,ModuleState
{},2026-03-12 15:03:53,False,,,264,feedback,67,2026-03-12 15:03:53,2026-03-12 15:04:32,,True,True,False,ModuleState,ModuleState,ModuleState
{},2026-03-12 15:06:25,False,,,265,feedback,68,2026-03-12 15:06:25,2026-03-12 15:06:49,,True,True,False,ModuleState,ModuleState,ModuleState
{},2026-03-12 15:12:11,False,,,266,mit_consent,69,2026-03-12 15:12:11,2026-03-12 15:12:30,,True,True,False,ModuleState,ModuleState,ModuleState
{},2026-03-12 15:21:52,False,,,269,feedback,69,2026-03-12 15:21:52,2026-03-12 15:22:38,,True,True,False,ModuleState,ModuleState,ModuleState
{},2026-03-13 03:27:18,False,,,270,mit_consent,70,2026-03-13 03:27:18,2026-03-13 03:27:22,,True,True,False,ModuleState,ModuleState,ModuleState
{},2026-03-13 03:27:29,False,,,271,mit_consent,71,2026-03-13 03:27:29,2026-03-13 03:27:39,,True,True,False,ModuleState,ModuleState,ModuleState
{},2026-03-13 03:27:30,False,,,272,mit_consent,72,2026-03-13 03:27:30,2026-03-13 03:27:35,,True,True,False,ModuleState,ModuleState,ModuleState
{},2026-03-13 03:27:43,False,,,274,mit_consent,73,2026-03-13 03:27:43,2026-03-13 03:28:33,,True,True,False,ModuleState,ModuleState,ModuleState
{},2026-03-13 03:27:44,False,,,275,mit_consent,74,2026-03-13 03:27:44,2026-03-13 03:28:28,,True,True,False,ModuleState,ModuleState,ModuleState
{},2026-03-13 03:27:47,False,,,276,mit_consent,75,2026-03-13 03:27:47,2026-03-13 03:27:55,,True,True,False,ModuleState,ModuleState,ModuleState
{},2026-03-13 03:28:32,False,,,281,mit_consent,76,2026-03-13 03:28:32,2026-03-13 03:29:01,,True,True,False,ModuleState,ModuleState,ModuleState
{},2026-03-13 03:30:52,False,,,290,feedback,70,2026-03-13 03:30:52,2026-03-13 03:31:05,,True,True,False,ModuleState,ModuleState,ModuleState
{},2026-03-13 03:31:18,False,,,292,feedback,71,2026-03-13 03:31:18,2026-03-13 03:32:40,,True,True,False,ModuleState,ModuleState,ModuleState
{},2026-03-13 03:31:37,False,,,293,feedback,75,2026-03-13 03:31:37,2026-03-13 03:32:47,,True,True,False,ModuleState,ModuleState,ModuleState
{},2026-03-13 03:33:32,False,,,294,mit_consent,77,2026-03-13 03:33:32,2026-03-13 03:33:36,,True,True,False,ModuleState,ModuleState,ModuleState
{},2026-03-13 03:34:05,False,,,296,feedback,72,2026-03-13 03:34:05,2026-03-13 03:34:33,,True,True,False,ModuleState,ModuleState,ModuleState
{},2026-03-13 03:34:39,False,,,297,feedback,73,2026-03-13 03:34:39,2026-03-13 03:34:54,,True,True,False,ModuleState,ModuleState,ModuleState
{},2026-03-13 03:35:01,False,,,298,mit_consent,78,2026-03-13 03:35:01,2026-03-13 03:36:45,,True,True,False,ModuleState,ModuleState,ModuleState
{},2026-03-13 03:35:29,False,,,300,feedback,76,2026-03-13 03:35:29,2026-03-13 03:35:44,,True,True,False,ModuleState,ModuleState,ModuleState
{},2026-03-13 03:35:44,False,,,301,feedback,74,2026-03-13 03:35:44,2026-03-13 03:36:26,,True,True,False,ModuleState,ModuleState,ModuleState
{},2026-03-13 03:41:01,False,,,303,feedback,77,2026-03-13 03:41:01,2026-03-13 03:41:11,,True,True,False,ModuleState,ModuleState,ModuleState
{},2026-03-13 03:47:55,False,,,305,feedback,78,2026-03-13 03:47:55,2026-03-13 03:48:31,,True,True,False,ModuleState,ModuleState,ModuleState
{},2026-03-13 03:48:52,False,,,306,mit_consent,79,2026-03-13 03:48:52,2026-03-13 03:51:33,,True,True,False,ModuleState,ModuleState,ModuleState
{},2026-03-13 04:02:23,False,,,309,feedback,79,2026-03-13 04:02:23,2026-03-13 04:03:17,,True,True,False,ModuleState,ModuleState,ModuleState
{},2026-03-13 16:02:01,False,,,310,mit_consent,80,2026-03-13 16:02:01,2026-03-13 16:02:08,,True,True,False,ModuleState,ModuleState,ModuleState
{},2026-03-13 16:02:04,False,,,311,mit_consent,81,2026-03-13 16:02:04,2026-03-13 16:02:11,,True,True,False,ModuleState,ModuleState,ModuleState
{},2026-03-13 16:02:11,False,,,312,mit_consent,82,2026-03-13 16:02:11,2026-03-13 16:02:18,,True,True,False,ModuleState,ModuleState,ModuleState
{},2026-03-13 16:02:15,False,,,313,mit_consent,83,2026-03-13 16:02:15,2026-03-13 16:02:21,,True,True,False,ModuleState,ModuleState,ModuleState
{},2026-03-13 16:02:24,False,,,314,mit_consent,84,2026-03-13 16:02:24,2026-03-13 16:02:29,,True,True,False,ModuleState,ModuleState,ModuleState
{},2026-03-13 16:02:24,False,,,316,mit_consent,85,2026-03-13 16:02:24,2026-03-13 16:12:21,,True,True,False,ModuleState,ModuleState,ModuleState
{},2026-03-13 16:02:36,False,,,318,mit_consent,86,2026-03-13 16:02:36,2026-03-13 16:02:39,,True,True,False,ModuleState,ModuleState,ModuleState
{},2026-03-13 16:02:58,False,,,322,mit_consent,87,2026-03-13 16:02:58,2026-03-13 16:03:04,,True,True,False,ModuleState,ModuleState,ModuleState
{},2026-03-13 16:03:27,False,,,327,mit_consent,88,2026-03-13 16:03:27,2026-03-13 16:04:19,,True,True,False,ModuleState,ModuleState,ModuleState
{},2026-03-13 16:06:57,False,,,335,feedback,80,2026-03-13 16:06:57,2026-03-13 16:07:20,,True,True,False,ModuleState,ModuleState,ModuleState
{},2026-03-13 16:07:06,False,,,336,feedback,84,2026-03-13 16:07:06,2026-03-13 16:07:29,,True,True,False,ModuleState,ModuleState,ModuleState
{},2026-03-13 16:07:10,False,,,337,feedback,81,2026-03-13 16:07:10,2026-03-13 16:07:33,,True,True,False,ModuleState,ModuleState,ModuleState
{},2026-03-13 16:07:42,False,,,338,mit_consent,89,2026-03-13 16:07:42,2026-03-13 16:10:15,,True,True,False,ModuleState,ModuleState,ModuleState
{},2026-03-13 16:07:47,False,,,339,feedback,83,2026-03-13 16:07:47,2026-03-13 16:08:09,,True,True,False,ModuleState,ModuleState,ModuleState
{},2026-03-13 16:08:10,False,,,340,feedback,82,2026-03-13 16:08:10,2026-03-13 16:08:24,,True,True,False,ModuleState,ModuleState,ModuleState
{},2026-03-13 16:09:37,False,,,341,feedback,86,2026-03-13 16:09:37,2026-03-13 16:10:30,,True,True,False,ModuleState,ModuleState,ModuleState
{},2026-03-13 16:10:30,False,,,343,feedback,87,2026-03-13 16:10:30,2026-03-13 16:10:51,,True,True,False,ModuleState,ModuleState,ModuleState
{},2026-03-13 16:11:08,False,,,345,feedback,88,2026-03-13 16:11:08,2026-03-13 16:12:42,,True,True,False,ModuleState,ModuleState,ModuleState
{},2026-03-13 16:19:17,False,,,348,feedback,85,2026-03-13 16:19:17,2026-03-13 16:19:28,,True,True,False,ModuleState,ModuleState,ModuleState
{},2026-03-13 16:20:22,False,,,349,feedback,89,2026-03-13 16:20:22,2026-03-13 16:20:43,,True,True,False,ModuleState,ModuleState,ModuleState
{},2026-03-14 20:20:32,False,,,350,mit_consent,90,2026-03-14 20:20:32,2026-03-14 20:20:51,,True,True,False,ModuleState,ModuleState,ModuleState
{},2026-03-14 20:20:42,False,,,351,mit_consent,91,2026-03-14 20:20:42,2026-03-14 20:20:49,,True,True,False,ModuleState,ModuleState,ModuleState
{},2026-03-14 20:20:43,False,,,352,mit_consent,92,2026-03-14 20:20:43,2026-03-14 20:21:05,,True,True,False,ModuleState,ModuleState,ModuleState
{},2026-03-14 20:20:47,False,,,353,mit_consent,93,2026-03-14 20:20:47,2026-03-14 20:21:15,,True,True,False,ModuleState,ModuleState,ModuleState
{},2026-03-14 20:21:02,False,,,354,mit_consent,94,2026-03-14 20:21:02,2026-03-14 20:21:07,,True,True,False,ModuleState,ModuleState,ModuleState
{},2026-03-14 20:21:07,False,,,355,mit_consent,95,2026-03-14 20:21:07,2026-03-14 20:22:56,,True,True,False,ModuleState,ModuleState,ModuleState
{},2026-03-14 20:21:16,False,,,358,mit_consent,96,2026-03-14 20:21:16,2026-03-14 20:22:32,,True,True,False,ModuleState,ModuleState,ModuleState
{},2026-03-14 20:21:50,False,,,362,mit_consent,97,2026-03-14 20:21:50,2026-03-14 20:22:04,,True,True,False,ModuleState,ModuleState,ModuleState
{},2026-03-14 20:21:58,False,,,363,mit_consent,98,2026-03-14 20:21:58,2026-03-14 20:22:10,,True,True,False,ModuleState,ModuleState,ModuleState
{},2026-03-14 20:23:42,False,,,373,mit_consent,99,2026-03-14 20:23:42,2026-03-14 20:31:54,,True,True,False,ModuleState,ModuleState,ModuleState
{},2026-03-14 20:25:53,False,,,377,feedback,91,2026-03-14 20:25:53,2026-03-14 20:26:07,,True,True,False,ModuleState,ModuleState,ModuleState
{},2026-03-14 20:26:16,False,,,378,feedback,98,2026-03-14 20:26:16,2026-03-14 20:26:32,,True,True,False,ModuleState,ModuleState,ModuleState
{},2026-03-14 20:26:32,False,,,379,feedback,90,2026-03-14 20:26:32,2026-03-14 20:26:50,,True,True,False,ModuleState,ModuleState,ModuleState
{},2026-03-14 20:26:43,False,,,380,feedback,93,2026-03-14 20:26:43,2026-03-14 20:28:58,,True,True,False,ModuleState,ModuleState,ModuleState
{},2026-03-14 20:26:49,False,,,381,feedback,92,2026-03-14 20:26:49,2026-03-14 20:27:13,,True,True,False,ModuleState,ModuleState,ModuleState
{},2026-03-14 20:27:31,False,,,382,feedback,96,2026-03-14 20:27:31,2026-03-14 20:27:53,,True,True,False,ModuleState,ModuleState,ModuleState
{},2026-03-14 20:33:51,False,,,384,feedback,95,2026-03-14 20:33:51,2026-03-14 20:34:26,,True,True,False,ModuleState,ModuleState,ModuleState
{},2026-03-14 20:34:46,False,,,385,feedback,97,2026-03-14 20:34:46,2026-03-14 20:35:47,,True,True,False,ModuleState,ModuleState,ModuleState
{},2026-03-14 20:41:03,False,,,387,feedback,99,2026-03-14 20:41:03,2026-03-14 20:41:26,,True,True,False,ModuleState,ModuleState,ModuleState
{},2026-03-14 21:15:43,False,,,388,mit_consent,100,2026-03-14 21:15:43,2026-03-14 23:55:05,,True,True,False,ModuleState,ModuleState,ModuleState
{},2026-03-14 22:32:24,False,,,389,mit_consent,101,2026-03-14 22:32:24,2026-03-14 22:32:30,,True,True,False,ModuleState,ModuleState,ModuleState
{},2026-03-14 22:32:34,False,,,390,mit_consent,102,2026-03-14 22:32:34,2026-03-14 22:32:36,,True,True,False,ModuleState,ModuleState,ModuleState
{},2026-03-14 22:32:38,False,,,391,mit_consent,103,2026-03-14 22:32:38,2026-03-14 22:33:04,,True,True,False,ModuleState,ModuleState,ModuleState
{},2026-03-14 22:32:48,False,,,392,mit_consent,104,2026-03-14 22:32:48,2026-03-14 22:32:59,,True,True,False,ModuleState,ModuleState,ModuleState
{},2026-03-14 22:32:50,False,,,393,mit_consent,105,2026-03-14 22:32:50,2026-03-14 22:32:57,,True,True,False,ModuleState,ModuleState,ModuleState
{},2026-03-14 22:32:53,False,,,394,mit_consent,106,2026-03-14 22:32:53,2026-03-14 22:32:58,,True,True,False,ModuleState,ModuleState,ModuleState
{},2026-03-14 22:33:32,False,,,401,mit_consent,107,2026-03-14 22:33:32,2026-03-14 22:34:04,,True,True,False,ModuleState,ModuleState,ModuleState
{},2026-03-14 22:34:36,False,,,408,mit_consent,108,2026-03-14 22:34:36,2026-03-14 22:35:29,,True,True,False,ModuleState,ModuleState,ModuleState
{},2026-03-14 22:36:47,False,,,411,feedback,106,2026-03-14 22:36:47,2026-03-14 22:37:08,,True,True,False,ModuleState,ModuleState,ModuleState
{},2026-03-14 22:36:48,False,,,412,mit_consent,109,2026-03-14 22:36:48,2026-03-14 22:39:16,,True,True,False,ModuleState,ModuleState,ModuleState
{},2026-03-14 22:37:10,False,,,413,feedback,105,2026-03-14 22:37:10,2026-03-14 22:37:23,,True,True,False,ModuleState,ModuleState,ModuleState
{},2026-03-14 22:37:17,False,,,414,feedback,102,2026-03-14 22:37:17,2026-03-14 22:37:31,,True,True,False,ModuleState,ModuleState,ModuleState
{},2026-03-14 22:38:13,False,,,415,feedback,101,2026-03-14 22:38:13,2026-03-14 22:38:30,,True,True,False,ModuleState,ModuleState,ModuleState
{},2026-03-14 22:40:05,False,,,417,feedback,104,2026-03-14 22:40:05,2026-03-14 22:41:55,,True,True,False,ModuleState,ModuleState,ModuleState
{},2026-03-14 22:40:32,False,,,418,mit_consent,110,2026-03-14 22:40:32,2026-03-14 22:40:39,,True,True,False,ModuleState,ModuleState,ModuleState
{},2026-03-14 22:40:40,False,,,419,feedback,103,2026-03-14 22:40:40,2026-03-14 22:41:30,,True,True,False,ModuleState,ModuleState,ModuleState
{},2026-03-14 22:41:44,False,,,422,feedback,107,2026-03-14 22:41:44,2026-03-14 22:42:07,,True,True,False,ModuleState,ModuleState,ModuleState
{},2026-03-14 22:44:27,False,,,424,feedback,110,2026-03-14 22:44:27,2026-03-14 22:44:52,,True,True,False,ModuleState,ModuleState,ModuleState
{},2026-03-14 22:44:33,False,,,425,mit_consent,111,2026-03-14 22:44:33,,,True,False,False,ModuleState,ModuleState,ModuleState
{},2026-03-14 22:46:10,False,,,426,mit_consent,112,2026-03-14 22:46:10,2026-03-14 22:46:16,,True,True,False,ModuleState,ModuleState,ModuleState
{},2026-03-14 22:48:25,False,,,429,mit_consent,113,2026-03-14 22:48:25,2026-03-14 22:49:35,,True,True,False,ModuleState,ModuleState,ModuleState
{},2026-03-14 22:48:31,False,,,430,mit_consent,114,2026-03-14 22:48:31,2026-03-14 22:48:41,,True,True,False,ModuleState,ModuleState,ModuleState
{},2026-03-14 22:48:31,False,,,431,mit_consent,115,2026-03-14 22:48:31,2026-03-14 22:48:37,,True,True,False,ModuleState,ModuleState,ModuleState
{},2026-03-14 22:48:34,False,,,432,mit_consent,116,2026-03-14 22:48:34,2026-03-14 22:48:38,,True,True,False,ModuleState,ModuleState,ModuleState
{},2026-03-14 22:49:01,False,,,435,mit_consent,117,2026-03-14 22:49:01,2026-03-14 22:49:52,,True,True,False,ModuleState,ModuleState,ModuleState
{},2026-03-14 22:49:36,False,,,438,mit_consent,118,2026-03-14 22:49:36,2026-03-14 22:49:58,,True,True,False,ModuleState,ModuleState,ModuleState
{},2026-03-14 22:49:43,False,,,439,mit_consent,119,2026-03-14 22:49:43,2026-03-14 22:49:53,,True,True,False,ModuleState,ModuleState,ModuleState
{},2026-03-14 22:49:44,False,,,440,mit_consent,120,2026-03-14 22:49:44,2026-03-14 22:50:07,,True,True,False,ModuleState,ModuleState,ModuleState
{},2026-03-14 22:50:46,False,,,449,feedback,112,2026-03-14 22:50:46,2026-03-14 22:51:02,,True,True,False,ModuleState,ModuleState,ModuleState
{},2026-03-14 22:51:31,False,,,453,feedback,109,2026-03-14 22:51:31,2026-03-14 22:52:09,,True,True,False,ModuleState,ModuleState,ModuleState
{},2026-03-14 22:52:28,False,,,455,mit_consent,121,2026-03-14 22:52:28,2026-03-14 22:52:41,,True,True,False,ModuleState,ModuleState,ModuleState
{},2026-03-14 22:52:46,False,,,456,feedback,120,2026-03-14 22:52:46,2026-03-14 22:53:01,,True,True,False,ModuleState,ModuleState,ModuleState
{},2026-03-14 22:53:09,False,,,457,feedback,116,2026-03-14 22:53:09,2026-03-14 22:53:20,,True,True,False,ModuleState,ModuleState,ModuleState
{},2026-03-14 22:53:30,False,,,458,feedback,114,2026-03-14 22:53:30,2026-03-14 22:53:50,,True,True,False,ModuleState,ModuleState,ModuleState
{},2026-03-14 22:54:22,False,,,460,feedback,115,2026-03-14 22:54:22,2026-03-14 22:54:48,,True,True,False,ModuleState,ModuleState,ModuleState
{},2026-03-14 22:54:28,False,,,461,feedback,118,2026-03-14 22:54:28,2026-03-14 22:54:46,,True,True,False,ModuleState,ModuleState,ModuleState
{},2026-03-14 22:57:01,False,,,462,feedback,117,2026-03-14 22:57:01,2026-03-14 22:57:23,,True,True,False,ModuleState,ModuleState,ModuleState
{},2026-03-14 22:57:23,False,,,464,feedback,113,2026-03-14 22:57:23,2026-03-14 22:58:22,,True,True,False,ModuleState,ModuleState,ModuleState
{},2026-03-14 22:58:20,False,,,465,feedback,119,2026-03-14 22:58:20,2026-03-14 22:58:53,,True,True,False,ModuleState,ModuleState,ModuleState
{},2026-03-14 22:59:38,False,,,466,mit_consent,122,2026-03-14 22:59:38,2026-03-14 22:59:45,,True,True,False,ModuleState,ModuleState,ModuleState
{},2026-03-14 23:00:25,False,,,467,feedback,121,2026-03-14 23:00:25,2026-03-14 23:00:43,,True,True,False,ModuleState,ModuleState,ModuleState
{},2026-03-14 23:09:09,False,,,470,feedback,122,2026-03-14 23:09:09,2026-03-14 23:09:40,,True,True,False,ModuleState,ModuleState,ModuleState
{},2026-03-15 00:00:30,False,,,473,feedback,100,2026-03-15 00:00:30,2026-03-15 00:01:03,,True,True,False,ModuleState,ModuleState,ModuleState
{},2026-03-15 01:39:58,False,,,474,mit_consent,123,2026-03-15 01:39:58,2026-03-15 01:41:18,,True,True,False,ModuleState,ModuleState,ModuleState
{},2026-03-15 01:40:07,False,,,475,mit_consent,124,2026-03-15 01:40:07,2026-03-15 01:40:11,,True,True,False,ModuleState,ModuleState,ModuleState
{},2026-03-15 01:40:07,False,,,476,mit_consent,125,2026-03-15 01:40:07,2026-03-15 01:40:10,,True,True,False,ModuleState,ModuleState,ModuleState
{},2026-03-15 01:40:11,False,,,477,mit_consent,126,2026-03-15 01:40:11,2026-03-15 01:40:22,,True,True,False,ModuleState,ModuleState,ModuleState
{},2026-03-15 01:40:18,False,,,478,mit_consent,127,2026-03-15 01:40:18,2026-03-15 01:40:23,,True,True,False,ModuleState,ModuleState,ModuleState
{},2026-03-15 01:40:22,False,,,479,mit_consent,128,2026-03-15 01:40:22,2026-03-15 01:40:34,,True,True,False,ModuleState,ModuleState,ModuleState
{},2026-03-15 01:40:28,False,,,480,mit_consent,129,2026-03-15 01:40:28,2026-03-15 01:43:20,,True,True,False,ModuleState,ModuleState,ModuleState
{},2026-03-15 01:40:53,False,,,484,mit_consent,130,2026-03-15 01:40:53,2026-03-15 01:41:40,,True,True,False,ModuleState,ModuleState,ModuleState
{},2026-03-15 01:41:00,False,,,486,mit_consent,131,2026-03-15 01:41:00,2026-03-15 01:41:19,,True,True,False,ModuleState,ModuleState,ModuleState
{},2026-03-15 01:42:22,False,,,495,mit_consent,132,2026-03-15 01:42:22,2026-03-15 01:42:29,,True,True,False,ModuleState,ModuleState,ModuleState
{},2026-03-15 01:43:29,False,,,498,feedback,125,2026-03-15 01:43:29,2026-03-15 01:44:20,,True,True,False,ModuleState,ModuleState,ModuleState
{},2026-03-15 01:45:16,False,,,501,feedback,124,2026-03-15 01:45:16,2026-03-15 01:46:19,,True,True,False,ModuleState,ModuleState,ModuleState
{},2026-03-15 01:46:08,False,,,503,mit_consent,133,2026-03-15 01:46:08,2026-03-15 01:46:23,,True,True,False,ModuleState,ModuleState,ModuleState
{},2026-03-15 01:46:49,False,,,506,feedback,127,2026-03-15 01:46:49,2026-03-15 01:47:14,,True,True,False,ModuleState,ModuleState,ModuleState
{},2026-03-15 01:47:11,False,,,507,feedback,132,2026-03-15 01:47:11,2026-03-15 01:47:51,,True,True,False,ModuleState,ModuleState,ModuleState
{},2026-03-15 01:48:15,False,,,509,feedback,128,2026-03-15 01:48:15,2026-03-15 01:48:58,,True,True,False,ModuleState,ModuleState,ModuleState
{},2026-03-15 01:51:02,False,,,510,feedback,129,2026-03-15 01:51:02,2026-03-15 01:51:23,,True,True,False,ModuleState,ModuleState,ModuleState
{},2026-03-15 01:51:14,False,,,511,feedback,130,2026-03-15 01:51:14,2026-03-15 01:52:42,,True,True,False,ModuleState,ModuleState,ModuleState
{},2026-03-15 01:51:50,False,,,512,feedback,133,2026-03-15 01:51:50,2026-03-15 01:52:27,,True,True,False,ModuleState,ModuleState,ModuleState
{},2026-03-15 01:54:25,False,,,513,mit_consent,134,2026-03-15 01:54:25,2026-03-15 01:54:34,,True,True,False,ModuleState,ModuleState,ModuleState
{},2026-03-15 01:54:43,False,,,514,feedback,131,2026-03-15 01:54:43,2026-03-15 01:55:04,,True,True,False,ModuleState,ModuleState,ModuleState
{},2026-03-15 01:54:44,False,,,515,mit_consent,135,2026-03-15 01:54:44,2026-03-15 01:54:49,,True,True,False,ModuleState,ModuleState,ModuleState
{},2026-03-15 01:54:45,False,,,516,mit_consent,136,2026-03-15 01:54:45,2026-03-15 01:55:08,,True,True,False,ModuleState,ModuleState,ModuleState
{},2026-03-15 01:55:01,False,,,517,mit_consent,137,2026-03-15 01:55:01,2026-03-15 01:55:22,,True,True,False,ModuleState,ModuleState,ModuleState
{},2026-03-15 01:55:01,False,,,518,mit_consent,138,2026-03-15 01:55:01,2026-03-15 01:55:42,,True,True,False,ModuleState,ModuleState,ModuleState
{},2026-03-15 01:55:11,False,,,520,mit_consent,139,2026-03-15 01:55:11,2026-03-15 01:55:16,,True,True,False,ModuleState,ModuleState,ModuleState
{},2026-03-15 01:55:20,False,,,522,mit_consent,140,2026-03-15 01:55:20,2026-03-15 01:56:07,,True,True,False,ModuleState,ModuleState,ModuleState
{},2026-03-15 01:55:37,False,,,525,mit_consent,141,2026-03-15 01:55:37,2026-03-15 01:55:46,,True,True,False,ModuleState,ModuleState,ModuleState
{},2026-03-15 01:59:07,False,,,538,feedback,137,2026-03-15 01:59:07,2026-03-15 01:59:23,,True,True,False,ModuleState,ModuleState,ModuleState
{},2026-03-15 01:59:11,False,,,539,mit_consent,142,2026-03-15 01:59:11,2026-03-15 01:59:17,,True,True,False,ModuleState,ModuleState,ModuleState
{},2026-03-15 01:59:11,False,,,540,feedback,135,2026-03-15 01:59:11,2026-03-15 01:59:48,,True,True,False,ModuleState,ModuleState,ModuleState
{},2026-03-15 02:00:55,False,,,541,feedback,138,2026-03-15 02:00:55,2026-03-15 02:01:19,,True,True,False,ModuleState,ModuleState,ModuleState
{},2026-03-15 02:01:09,False,,,543,feedback,136,2026-03-15 02:01:09,2026-03-15 02:01:47,,True,True,False,ModuleState,ModuleState,ModuleState
{},2026-03-15 02:01:12,False,,,544,feedback,141,2026-03-15 02:01:12,2026-03-15 02:01:36,,True,True,False,ModuleState,ModuleState,ModuleState
{},2026-03-15 02:01:39,False,,,546,feedback,134,2026-03-15 02:01:39,2026-03-15 02:02:23,,True,True,False,ModuleState,ModuleState,ModuleState
{},2026-03-15 02:01:41,False,,,547,feedback,140,2026-03-15 02:01:41,2026-03-15 02:03:04,,True,True,False,ModuleState,ModuleState,ModuleState
{},2026-03-15 02:01:50,False,,,548,feedback,139,2026-03-15 02:01:50,2026-03-15 02:02:05,,True,True,False,ModuleState,ModuleState,ModuleState
{},2026-03-15 02:04:05,False,,,549,feedback,142,2026-03-15 02:04:05,2026-03-15 02:04:19,,True,True,False,ModuleState,ModuleState,ModuleState
{},2026-03-15 02:10:03,False,,,550,mit_consent,143,2026-03-15 02:10:03,2026-03-15 02:10:20,,True,True,False,ModuleState,ModuleState,ModuleState
{},2026-03-15 02:19:52,False,,,553,feedback,143,2026-03-15 02:19:52,2026-03-15 02:20:10,,True,True,False,ModuleState,ModuleState,ModuleState
{},2026-03-15 17:02:17,False,,,554,mit_consent,144,2026-03-15 17:02:17,2026-03-15 17:02:26,,True,True,False,ModuleState,ModuleState,ModuleState
{},2026-03-15 17:02:23,False,,,555,mit_consent,145,2026-03-15 17:02:23,2026-03-15 17:02:42,,True,True,False,ModuleState,ModuleState,ModuleState
{},2026-03-15 17:02:27,False,,,556,mit_consent,146,2026-03-15 17:02:27,2026-03-15 17:02:36,,True,True,False,ModuleState,ModuleState,ModuleState
{},2026-03-15 17:02:27,False,,,557,mit_consent,147,2026-03-15 17:02:27,2026-03-15 17:03:13,,True,True,False,ModuleState,ModuleState,ModuleState
{},2026-03-15 17:02:28,False,,,558,mit_consent,148,2026-03-15 17:02:28,2026-03-15 17:02:39,,True,True,False,ModuleState,ModuleState,ModuleState
{},2026-03-15 17:02:31,False,,,559,mit_consent,149,2026-03-15 17:02:31,2026-03-15 17:02:59,,True,True,False,ModuleState,ModuleState,ModuleState
{},2026-03-15 17:02:33,False,,,560,mit_consent,150,2026-03-15 17:02:33,2026-03-15 17:02:42,,True,True,False,ModuleState,ModuleState,ModuleState
{},2026-03-15 17:02:35,False,,,561,mit_consent,151,2026-03-15 17:02:35,2026-03-15 17:02:41,,True,True,False,ModuleState,ModuleState,ModuleState
{},2026-03-15 17:02:44,False,,,562,mit_consent,152,2026-03-15 17:02:44,2026-03-15 17:03:18,,True,True,False,ModuleState,ModuleState,ModuleState
{},2026-03-15 17:02:51,False,,,564,mit_consent,153,2026-03-15 17:02:51,2026-03-15 17:05:00,,True,True,False,ModuleState,ModuleState,ModuleState
{},2026-03-15 17:02:55,False,,,567,mit_consent,154,2026-03-15 17:02:55,2026-03-15 17:03:04,,True,True,False,ModuleState,ModuleState,ModuleState
{},2026-03-15 17:05:40,False,,,583,mit_consent,155,2026-03-15 17:05:40,2026-03-15 17:05:58,,True,True,False,ModuleState,ModuleState,ModuleState
{},2026-03-15 17:06:10,False,,,585,mit_consent,156,2026-03-15 17:06:10,2026-03-15 17:06:19,,True,True,False,ModuleState,ModuleState,ModuleState
{},2026-03-15 17:06:28,False,,,587,feedback,144,2026-03-15 17:06:28,2026-03-15 17:07:01,,True,True,False,ModuleState,ModuleState,ModuleState
{},2026-03-15 17:07:31,False,,,591,feedback,145,2026-03-15 17:07:31,2026-03-15 17:08:35,,True,True,False,ModuleState,ModuleState,ModuleState
{},2026-03-15 17:07:42,False,,,593,mit_consent,157,2026-03-15 17:07:42,2026-03-15 17:07:54,,True,True,False,ModuleState,ModuleState,ModuleState
{},2026-03-15 17:08:13,False,,,595,feedback,151,2026-03-15 17:08:13,2026-03-15 17:08:40,,True,True,False,ModuleState,ModuleState,ModuleState
{},2026-03-15 17:08:20,False,,,597,feedback,148,2026-03-15 17:08:20,2026-03-15 17:08:43,,True,True,False,ModuleState,ModuleState,ModuleState
{},2026-03-15 17:08:57,False,,,599,feedback,146,2026-03-15 17:08:57,2026-03-15 17:09:09,,True,True,False,ModuleState,ModuleState,ModuleState
{},2026-03-15 17:10:38,False,,,601,feedback,154,2026-03-15 17:10:38,2026-03-15 17:11:35,,True,True,False,ModuleState,ModuleState,ModuleState
{},2026-03-15 17:12:20,False,,,602,feedback,156,2026-03-15 17:12:20,2026-03-15 17:12:34,,True,True,False,ModuleState,ModuleState,ModuleState
{},2026-03-15 17:12:38,False,,,603,mit_consent,158,2026-03-15 17:12:38,2026-03-15 17:13:18,,True,True,False,ModuleState,ModuleState,ModuleState
{},2026-03-15 17:13:08,False,,,604,feedback,147,2026-03-15 17:13:08,2026-03-15 17:13:23,,True,True,False,ModuleState,ModuleState,ModuleState
{},2026-03-15 17:13:14,False,,,605,feedback,157,2026-03-15 17:13:14,2026-03-15 17:14:10,,True,True,False,ModuleState,ModuleState,ModuleState
{},2026-03-15 17:13:35,False,,,607,feedback,149,2026-03-15 17:13:35,2026-03-15 17:14:19,,True,True,False,ModuleState,ModuleState,ModuleState
{},2026-03-15 17:19:05,False,,,609,feedback,155,2026-03-15 17:19:05,2026-03-15 17:20:08,,True,True,False,ModuleState,ModuleState,ModuleState
{},2026-03-15 17:26:24,False,,,610,feedback,158,2026-03-15 17:26:24,2026-03-15 17:26:56,,True,True,False,ModuleState,ModuleState,ModuleState
{},2026-03-15 17:27:06,False,,,611,feedback,152,2026-03-15 17:27:06,2026-03-15 17:29:16,,True,True,False,ModuleState,ModuleState,ModuleState
{},2026-03-15 17:27:44,False,,,612,feedback,153,2026-03-15 17:27:44,,,True,False,False,ModuleState,ModuleState,ModuleState
{},2026-03-15 17:32:29,False,,,613,mit_consent,159,2026-03-15 17:32:29,2026-03-15 17:33:50,,True,True,False,ModuleState,ModuleState,ModuleState
{},2026-03-15 17:32:34,False,,,614,mit_consent,160,2026-03-15 17:32:34,2026-03-15 17:32:46,,True,True,False,ModuleState,ModuleState,ModuleState
{},2026-03-15 17:32:38,False,,,615,mit_consent,161,2026-03-15 17:32:38,2026-03-15 17:32:53,,True,True,False,ModuleState,ModuleState,ModuleState
{},2026-03-15 17:32:39,False,,,616,mit_consent,162,2026-03-15 17:32:39,2026-03-15 17:32:46,,True,True,False,ModuleState,ModuleState,ModuleState
{},2026-03-15 17:32:45,False,,,617,mit_consent,163,2026-03-15 17:32:45,2026-03-15 17:32:59,,True,True,False,ModuleState,ModuleState,ModuleState
{},2026-03-15 17:33:04,False,,,619,mit_consent,164,2026-03-15 17:33:04,2026-03-15 17:33:11,,True,True,False,ModuleState,ModuleState,ModuleState
{},2026-03-15 17:33:07,False,,,621,mit_consent,165,2026-03-15 17:33:07,2026-03-15 17:33:17,,True,True,False,ModuleState,ModuleState,ModuleState
{},2026-03-15 17:33:08,False,,,622,mit_consent,166,2026-03-15 17:33:08,2026-03-15 17:33:13,,True,True,False,ModuleState,ModuleState,ModuleState
{},2026-03-15 17:33:12,False,,,623,mit_consent,167,2026-03-15 17:33:12,2026-03-15 17:33:21,,True,True,False,ModuleState,ModuleState,ModuleState
{},2026-03-15 17:34:06,False,,,632,mit_consent,168,2026-03-15 17:34:06,2026-03-15 17:35:25,,True,True,False,ModuleState,ModuleState,ModuleState
{},2026-03-15 17:34:11,False,,,634,mit_consent,169,2026-03-15 17:34:11,2026-03-15 17:34:29,,True,True,False,ModuleState,ModuleState,ModuleState
{},2026-03-15 17:34:13,False,,,635,mit_consent,170,2026-03-15 17:34:13,2026-03-15 17:34:29,,True,True,False,ModuleState,ModuleState,ModuleState
{},2026-03-15 17:37:24,False,,,648,mit_consent,171,2026-03-15 17:37:24,2026-03-15 17:37:37,,True,True,False,ModuleState,ModuleState,ModuleState
{},2026-03-15 17:38:00,False,,,650,feedback,161,2026-03-15 17:38:00,2026-03-15 17:38:18,,True,True,False,ModuleState,ModuleState,ModuleState
{},2026-03-15 17:38:17,False,,,651,feedback,160,2026-03-15 17:38:17,2026-03-15 17:38:38,,True,True,False,ModuleState,ModuleState,ModuleState
{},2026-03-15 17:38:37,False,,,652,feedback,159,2026-03-15 17:38:37,2026-03-15 17:39:10,,True,True,False,ModuleState,ModuleState,ModuleState
{},2026-03-15 17:38:55,False,,,653,feedback,163,2026-03-15 17:38:55,2026-03-15 17:39:43,,True,True,False,ModuleState,ModuleState,ModuleState
{},2026-03-15 17:39:07,False,,,655,feedback,165,2026-03-15 17:39:07,2026-03-15 17:39:28,,True,True,False,ModuleState,ModuleState,ModuleState
{},2026-03-15 17:39:25,False,,,656,feedback,162,2026-03-15 17:39:25,2026-03-15 17:40:07,,True,True,False,ModuleState,ModuleState,ModuleState
{},2026-03-15 17:39:26,False,,,657,mit_consent,172,2026-03-15 17:39:26,2026-03-15 17:40:03,,True,True,False,ModuleState,ModuleState,ModuleState
{},2026-03-15 17:39:51,False,,,658,feedback,169,2026-03-15 17:39:51,2026-03-15 17:40:18,,True,True,False,ModuleState,ModuleState,ModuleState
{},2026-03-15 17:39:57,False,,,659,feedback,166,2026-03-15 17:39:57,2026-03-15 17:40:26,,True,True,False,ModuleState,ModuleState,ModuleState
{},2026-03-15 17:40:03,False,,,660,feedback,170,2026-03-15 17:40:03,2026-03-15 17:40:18,,True,True,False,ModuleState,ModuleState,ModuleState
{},2026-03-15 17:42:12,False,,,662,mit_consent,173,2026-03-15 17:42:12,2026-03-15 17:42:23,,True,True,False,ModuleState,ModuleState,ModuleState
{},2026-03-15 17:42:47,False,,,663,feedback,171,2026-03-15 17:42:47,2026-03-15 17:43:09,,True,True,False,ModuleState,ModuleState,ModuleState
{},2026-03-15 17:43:27,False,,,664,mit_consent,174,2026-03-15 17:43:27,2026-03-15 17:44:07,,True,True,False,ModuleState,ModuleState,ModuleState
{},2026-03-15 17:43:52,False,,,665,feedback,168,2026-03-15 17:43:52,2026-03-15 17:44:22,,True,True,False,ModuleState,ModuleState,ModuleState
{},2026-03-15 17:45:10,False,,,668,mit_consent,175,2026-03-15 17:45:10,2026-03-15 17:45:15,,True,True,False,ModuleState,ModuleState,ModuleState
{},2026-03-15 17:45:29,False,,,671,mit_consent,176,2026-03-15 17:45:29,2026-03-15 17:45:40,,True,True,False,ModuleState,ModuleState,ModuleState
{},2026-03-15 17:45:33,False,,,672,mit_consent,177,2026-03-15 17:45:33,2026-03-15 17:45:45,,True,True,False,ModuleState,ModuleState,ModuleState
{},2026-03-15 17:45:35,False,,,673,mit_consent,178,2026-03-15 17:45:35,2026-03-15 17:45:57,,True,True,False,ModuleState,ModuleState,ModuleState
{},2026-03-15 17:45:42,False,,,674,mit_consent,179,2026-03-15 17:45:42,2026-03-15 17:45:46,,True,True,False,ModuleState,ModuleState,ModuleState
{},2026-03-15 17:45:45,False,,,675,mit_consent,180,2026-03-15 17:45:45,2026-03-15 17:45:50,,True,True,False,ModuleState,ModuleState,ModuleState
{},2026-03-15 17:45:50,False,,,677,mit_consent,181,2026-03-15 17:45:50,2026-03-15 17:45:58,,True,True,False,ModuleState,ModuleState,ModuleState
{},2026-03-15 17:47:15,False,,,686,mit_consent,182,2026-03-15 17:47:15,2026-03-15 17:47:18,,True,True,False,ModuleState,ModuleState,ModuleState
{},2026-03-15 17:47:39,False,,,688,mit_consent,183,2026-03-15 17:47:39,2026-03-15 17:47:49,,True,True,False,ModuleState,ModuleState,ModuleState
{},2026-03-15 17:50:13,False,,,697,feedback,174,2026-03-15 17:50:13,2026-03-15 17:51:18,,True,True,False,ModuleState,ModuleState,ModuleState
{},2026-03-15 17:50:13,False,,,698,feedback,176,2026-03-15 17:50:13,2026-03-15 17:50:23,,True,True,False,ModuleState,ModuleState,ModuleState
{},2026-03-15 17:51:11,False,,,699,feedback,180,2026-03-15 17:51:11,2026-03-15 17:51:34,,True,True,False,ModuleState,ModuleState,ModuleState
{},2026-03-15 17:51:45,False,,,701,feedback,175,2026-03-15 17:51:45,2026-03-15 17:52:03,,True,True,False,ModuleState,ModuleState,ModuleState
{},2026-03-15 17:52:35,False,,,702,feedback,178,2026-03-15 17:52:35,2026-03-15 17:54:49,,True,True,False,ModuleState,ModuleState,ModuleState
{},2026-03-15 17:52:46,False,,,703,feedback,182,2026-03-15 17:52:46,2026-03-15 17:53:05,,True,True,False,ModuleState,ModuleState,ModuleState
{},2026-03-15 17:53:11,False,,,704,feedback,183,2026-03-15 17:53:11,2026-03-15 17:53:26,,True,True,False,ModuleState,ModuleState,ModuleState
{},2026-03-15 17:53:19,False,,,705,feedback,181,2026-03-15 17:53:19,2026-03-15 17:53:44,,True,True,False,ModuleState,ModuleState,ModuleState
{},2026-03-15 17:53:46,False,,,706,feedback,173,2026-03-15 17:53:46,2026-03-15 17:53:57,,True,True,False,ModuleState,ModuleState,ModuleState
{},2026-03-15 17:54:43,False,,,707,feedback,179,2026-03-15 17:54:43,2026-03-15 17:54:59,,True,True,False,ModuleState,ModuleState,ModuleState
{},2026-03-15 17:54:54,False,,,708,feedback,167,2026-03-15 17:54:54,2026-03-15 17:55:07,,True,True,False,ModuleState,ModuleState,ModuleState
{},2026-03-15 17:57:55,False,,,709,mit_consent,184,2026-03-15 17:57:55,2026-03-15 17:58:53,,True,True,False,ModuleState,ModuleState,ModuleState
{},2026-03-15 17:59:47,False,,,711,mit_consent,185,2026-03-15 17:59:47,2026-03-15 17:59:51,,True,True,False,ModuleState,ModuleState,ModuleState
{},2026-03-15 18:00:08,False,,,712,mit_consent,186,2026-03-15 18:00:08,2026-03-15 18:00:31,,True,True,False,ModuleState,ModuleState,ModuleState
{},2026-03-15 18:00:14,False,,,714,mit_consent,187,2026-03-15 18:00:14,2026-03-15 18:00:20,,True,True,False,ModuleState,ModuleState,ModuleState
{},2026-03-15 18:00:14,False,,,715,mit_consent,188,2026-03-15 18:00:14,2026-03-15 18:00:18,,True,True,False,ModuleState,ModuleState,ModuleState
{},2026-03-15 18:00:18,False,,,716,mit_consent,189,2026-03-15 18:00:18,2026-03-15 18:00:27,,True,True,False,ModuleState,ModuleState,ModuleState
{},2026-03-15 18:00:19,False,,,717,mit_consent,190,2026-03-15 18:00:19,2026-03-15 18:00:30,,True,True,False,ModuleState,ModuleState,ModuleState
{},2026-03-15 18:00:19,False,,,718,mit_consent,191,2026-03-15 18:00:19,2026-03-15 18:00:24,,True,True,False,ModuleState,ModuleState,ModuleState
{},2026-03-15 18:00:26,False,,,719,mit_consent,192,2026-03-15 18:00:26,2026-03-15 18:00:38,,True,True,False,ModuleState,ModuleState,ModuleState
{},2026-03-15 18:00:33,False,,,720,mit_consent,194,2026-03-15 18:00:33,2026-03-15 18:00:40,,True,True,False,ModuleState,ModuleState,ModuleState
{},2026-03-15 18:00:33,False,,,721,mit_consent,193,2026-03-15 18:00:33,2026-03-15 18:00:44,,True,True,False,ModuleState,ModuleState,ModuleState
{},2026-03-15 18:00:48,False,,,726,mit_consent,195,2026-03-15 18:00:48,2026-03-15 18:00:54,,True,True,False,ModuleState,ModuleState,ModuleState
{},2026-03-15 18:01:28,False,,,736,feedback,172,2026-03-15 18:01:28,2026-03-15 18:02:04,,True,True,False,ModuleState,ModuleState,ModuleState
{},2026-03-15 18:03:18,False,,,746,mit_consent,196,2026-03-15 18:03:18,2026-03-15 18:03:25,,True,True,False,ModuleState,ModuleState,ModuleState
{},2026-03-15 18:04:24,False,,,748,feedback,188,2026-03-15 18:04:24,2026-03-15 18:04:36,,True,True,False,ModuleState,ModuleState,ModuleState
{},2026-03-15 18:04:48,False,,,750,mit_consent,197,2026-03-15 18:04:48,2026-03-15 18:05:04,,True,True,False,ModuleState,ModuleState,ModuleState
{},2026-03-15 18:05:09,False,,,751,feedback,191,2026-03-15 18:05:09,2026-03-15 18:05:34,,True,True,False,ModuleState,ModuleState,ModuleState
{},2026-03-15 18:05:21,False,,,752,feedback,186,2026-03-15 18:05:21,2026-03-15 18:05:44,,True,True,False,ModuleState,ModuleState,ModuleState
{},2026-03-15 18:05:46,False,,,753,feedback,190,2026-03-15 18:05:46,2026-03-15 18:06:03,,True,True,False,ModuleState,ModuleState,ModuleState
{},2026-03-15 18:06:15,False,,,754,feedback,185,2026-03-15 18:06:15,2026-03-15 18:06:31,,True,True,False,ModuleState,ModuleState,ModuleState
{},2026-03-15 18:06:55,False,,,755,feedback,184,2026-03-15 18:06:55,2026-03-15 18:07:20,,True,True,False,ModuleState,ModuleState,ModuleState
{},2026-03-15 18:06:59,False,,,756,feedback,187,2026-03-15 18:06:59,2026-03-15 18:07:22,,True,True,False,ModuleState,ModuleState,ModuleState
{},2026-03-15 18:07:26,False,,,757,feedback,195,2026-03-15 18:07:26,2026-03-15 18:07:42,,True,True,False,ModuleState,ModuleState,ModuleState
{},2026-03-15 18:07:41,False,,,758,feedback,189,2026-03-15 18:07:41,2026-03-15 18:07:55,,True,True,False,ModuleState,ModuleState,ModuleState
{},2026-03-15 18:07:46,False,,,759,feedback,194,2026-03-15 18:07:46,2026-03-15 18:08:07,,True,True,False,ModuleState,ModuleState,ModuleState
{},2026-03-15 18:08:22,False,,,760,feedback,193,2026-03-15 18:08:22,2026-03-15 18:08:52,,True,True,False,ModuleState,ModuleState,ModuleState
{},2026-03-15 18:09:13,False,,,762,feedback,192,2026-03-15 18:09:13,2026-03-15 18:09:31,,True,True,False,ModuleState,ModuleState,ModuleState
{},2026-03-15 18:10:45,False,,,764,feedback,196,2026-03-15 18:10:45,2026-03-15 18:11:22,,True,True,False,ModuleState,ModuleState,ModuleState
{},2026-03-15 18:12:34,False,,,765,mit_consent,198,2026-03-15 18:12:34,2026-03-15 18:19:19,,True,True,False,ModuleState,ModuleState,ModuleState
{},2026-03-15 18:15:58,False,,,766,feedback,197,2026-03-15 18:15:58,2026-03-15 18:16:11,,True,True,False,ModuleState,ModuleState,ModuleState
{},2026-03-15 18:17:19,False,,,767,mit_consent,199,2026-03-15 18:17:19,2026-03-15 18:17:28,,True,True,False,ModuleState,ModuleState,ModuleState
{},2026-03-15 18:24:13,False,,,772,mit_consent,200,2026-03-15 18:24:13,2026-03-15 18:25:08,,True,True,False,ModuleState,ModuleState,ModuleState
{},2026-03-15 18:25:42,False,,,774,feedback,199,2026-03-15 18:25:42,2026-03-15 18:26:27,,True,True,False,ModuleState,ModuleState,ModuleState
{},2026-03-15 18:28:03,False,,,775,feedback,198,2026-03-15 18:28:03,2026-03-15 18:28:17,,True,True,False,ModuleState,ModuleState,ModuleState
{},2026-03-15 18:40:54,False,,,777,feedback,200,2026-03-15 18:40:54,2026-03-15 18:41:29,,True,True,False,ModuleState,ModuleState,ModuleState
{},2026-03-15 20:26:54,False,,,778,mit_consent,201,2026-03-15 20:26:54,2026-03-15 20:27:26,,True,True,False,ModuleState,ModuleState,ModuleState
{},2026-03-15 20:26:58,False,,,779,mit_consent,202,2026-03-15 20:26:58,2026-03-15 20:27:09,,True,True,False,ModuleState,ModuleState,ModuleState
{},2026-03-15 20:26:58,False,,,780,mit_consent,203,2026-03-15 20:26:58,2026-03-15 20:27:01,,True,True,False,ModuleState,ModuleState,ModuleState
{},2026-03-15 20:27:09,False,,,781,mit_consent,204,2026-03-15 20:27:09,2026-03-15 20:27:36,,True,True,False,ModuleState,ModuleState,ModuleState
{},2026-03-15 20:27:10,False,,,782,mit_consent,205,2026-03-15 20:27:10,2026-03-15 20:28:14,,True,True,False,ModuleState,ModuleState,ModuleState
{},2026-03-15 20:27:18,False,,,783,mit_consent,206,2026-03-15 20:27:18,2026-03-15 20:27:28,,True,True,False,ModuleState,ModuleState,ModuleState
{},2026-03-15 20:27:24,False,,,784,mit_consent,207,2026-03-15 20:27:24,,,True,False,False,ModuleState,ModuleState,ModuleState
{},2026-03-15 20:27:40,False,,,787,mit_consent,208,2026-03-15 20:27:40,2026-03-15 20:28:16,,True,True,False,ModuleState,ModuleState,ModuleState
{},2026-03-15 20:28:17,False,,,791,mit_consent,209,2026-03-15 20:28:17,2026-03-15 20:28:36,,True,True,False,ModuleState,ModuleState,ModuleState
{},2026-03-15 20:28:36,False,,,795,mit_consent,210,2026-03-15 20:28:36,2026-03-15 20:32:27,,True,True,False,ModuleState,ModuleState,ModuleState
{},2026-03-15 20:32:27,False,,,803,feedback,204,2026-03-15 20:32:27,2026-03-15 20:32:40,,True,True,False,ModuleState,ModuleState,ModuleState
{},2026-03-15 20:33:06,False,,,804,mit_consent,211,2026-03-15 20:33:06,2026-03-15 20:33:13,,True,True,False,ModuleState,ModuleState,ModuleState
{},2026-03-15 20:34:01,False,,,806,feedback,201,2026-03-15 20:34:01,2026-03-15 20:34:18,,True,True,False,ModuleState,ModuleState,ModuleState
{},2026-03-15 20:34:05,False,,,807,feedback,208,2026-03-15 20:34:05,2026-03-15 20:34:24,,True,True,False,ModuleState,ModuleState,ModuleState
{},2026-03-15 20:34:49,False,,,809,mit_consent,212,2026-03-15 20:34:49,2026-03-15 20:34:54,,True,True,False,ModuleState,ModuleState,ModuleState
{},2026-03-15 20:35:07,False,,,810,feedback,202,2026-03-15 20:35:07,2026-03-15 20:35:28,,True,True,False,ModuleState,ModuleState,ModuleState
{},2026-03-15 20:35:32,False,,,811,feedback,205,2026-03-15 20:35:32,2026-03-15 20:36:43,,True,True,False,ModuleState,ModuleState,ModuleState
{},2026-03-15 20:35:41,False,,,812,feedback,209,2026-03-15 20:35:41,2026-03-15 20:36:17,,True,True,False,ModuleState,ModuleState,ModuleState
{},2026-03-15 20:35:51,False,,,813,feedback,203,2026-03-15 20:35:51,2026-03-15 20:36:06,,True,True,False,ModuleState,ModuleState,ModuleState
{},2026-03-15 20:37:57,False,,,815,feedback,211,2026-03-15 20:37:57,2026-03-15 20:38:11,,True,True,False,ModuleState,ModuleState,ModuleState
{},2026-03-15 20:55:09,False,,,819,feedback,212,2026-03-15 20:55:09,2026-03-15 20:56:06,,True,True,False,ModuleState,ModuleState,ModuleState
{},2026-03-15 20:55:21,False,,,820,feedback,210,2026-03-15 20:55:21,2026-03-15 20:57:05,,True,True,False,ModuleState,ModuleState,ModuleState
{},2026-03-16 03:02:26,False,,,821,mit_consent,213,2026-03-16 03:02:26,2026-03-16 03:02:46,,True,True,False,ModuleState,ModuleState,ModuleState
{},2026-03-16 03:02:33,False,,,822,mit_consent,214,2026-03-16 03:02:33,2026-03-16 03:02:53,,True,True,False,ModuleState,ModuleState,ModuleState
{},2026-03-16 03:02:40,False,,,823,mit_consent,215,2026-03-16 03:02:40,2026-03-16 03:02:45,,True,True,False,ModuleState,ModuleState,ModuleState
{},2026-03-16 03:02:42,False,,,824,mit_consent,216,2026-03-16 03:02:42,2026-03-16 03:03:08,,True,True,False,ModuleState,ModuleState,ModuleState
{},2026-03-16 03:02:49,False,,,825,mit_consent,217,2026-03-16 03:02:49,2026-03-16 03:03:26,,True,True,False,ModuleState,ModuleState,ModuleState
{},2026-03-16 03:02:52,False,,,826,mit_consent,218,2026-03-16 03:02:52,2026-03-16 03:03:50,,True,True,False,ModuleState,ModuleState,ModuleState
{},2026-03-16 03:03:33,False,,,830,mit_consent,219,2026-03-16 03:03:33,2026-03-16 03:04:29,,True,True,False,ModuleState,ModuleState,ModuleState
{},2026-03-16 03:03:39,False,,,831,mit_consent,220,2026-03-16 03:03:39,2026-03-16 03:03:51,,True,True,False,ModuleState,ModuleState,ModuleState
{},2026-03-16 03:07:56,False,,,844,feedback,215,2026-03-16 03:07:56,2026-03-16 03:08:38,,True,True,False,ModuleState,ModuleState,ModuleState
{},2026-03-16 03:08:15,False,,,845,mit_consent,221,2026-03-16 03:08:15,2026-03-16 03:08:39,,True,True,False,ModuleState,ModuleState,ModuleState
{},2026-03-16 03:08:17,False,,,846,feedback,214,2026-03-16 03:08:17,2026-03-16 03:08:29,,True,True,False,ModuleState,ModuleState,ModuleState
{},2026-03-16 03:08:24,False,,,848,feedback,220,2026-03-16 03:08:24,2026-03-16 03:08:47,,True,True,False,ModuleState,ModuleState,ModuleState
{},2026-03-16 03:08:29,False,,,849,feedback,213,2026-03-16 03:08:29,2026-03-16 03:08:46,,True,True,False,ModuleState,ModuleState,ModuleState
{},2026-03-16 03:08:53,False,,,850,feedback,216,2026-03-16 03:08:53,2026-03-16 03:09:09,,True,True,False,ModuleState,ModuleState,ModuleState
{},2026-03-16 03:10:00,False,,,852,mit_consent,222,2026-03-16 03:10:00,2026-03-16 03:10:04,,True,True,False,ModuleState,ModuleState,ModuleState
{},2026-03-16 03:10:25,False,,,854,feedback,219,2026-03-16 03:10:25,2026-03-16 03:10:41,,True,True,False,ModuleState,ModuleState,ModuleState
{},2026-03-16 03:12:16,False,,,857,feedback,217,2026-03-16 03:12:16,2026-03-16 03:12:36,,True,True,False,ModuleState,ModuleState,ModuleState
{},2026-03-16 03:13:52,False,,,858,feedback,221,2026-03-16 03:13:52,2026-03-16 03:14:07,,True,True,False,ModuleState,ModuleState,ModuleState
{},2026-03-16 03:14:41,False,,,859,feedback,222,2026-03-16 03:14:41,2026-03-16 03:14:55,,True,True,False,ModuleState,ModuleState,ModuleState
{},2026-03-16 03:18:26,False,,,860,feedback,218,2026-03-16 03:18:26,2026-03-16 03:19:22,,True,True,False,ModuleState,ModuleState,ModuleState
