vars,creation_time,local_key,node_id,asset_id,type,class,object_type
{},2026-02-25 16:17:49,prompt,1,1,AssetNode,AssetNode,AssetNode
{},2026-02-25 16:17:49,prompt,2,2,AssetNode,AssetNode,AssetNode
{},2026-02-25 16:17:49,prompt,3,3,AssetNode,AssetNode,AssetNode
{},2026-02-25 16:17:49,prompt,4,4,AssetNode,AssetNode,AssetNode
{},2026-02-25 16:17:49,prompt,5,5,AssetNode,AssetNode,AssetNode
{},2026-02-25 16:17:49,prompt,6,6,AssetNode,AssetNode,AssetNode
{},2026-02-25 16:17:49,prompt,7,7,AssetNode,AssetNode,AssetNode
{},2026-02-25 16:17:49,prompt,8,8,AssetNode,AssetNode,AssetNode
{},2026-02-25 16:17:49,prompt,9,9,AssetNode,AssetNode,AssetNode
{},2026-02-25 16:17:49,prompt,10,10,AssetNode,AssetNode,AssetNode
{},2026-02-25 16:17:49,prompt,11,11,AssetNode,AssetNode,AssetNode
{},2026-02-25 16:17:49,prompt,12,12,AssetNode,AssetNode,AssetNode
{},2026-02-25 16:17:49,prompt,13,13,AssetNode,AssetNode,AssetNode
{},2026-02-25 16:17:49,prompt,14,14,AssetNode,AssetNode,AssetNode
{},2026-02-25 16:17:49,prompt,15,15,AssetNode,AssetNode,AssetNode
{},2026-02-25 16:17:49,prompt,16,16,AssetNode,AssetNode,AssetNode
{},2026-02-25 16:17:49,prompt,17,17,AssetNode,AssetNode,AssetNode
{},2026-02-25 16:17:49,prompt,18,18,AssetNode,AssetNode,AssetNode
{},2026-02-25 16:17:49,prompt,19,19,AssetNode,AssetNode,AssetNode
{},2026-02-25 16:17:49,prompt,20,20,AssetNode,AssetNode,AssetNode
{},2026-02-25 16:17:49,prompt,21,21,AssetNode,AssetNode,AssetNode
{},2026-02-25 16:17:49,prompt,22,22,AssetNode,AssetNode,AssetNode
{},2026-02-25 16:17:49,prompt,23,23,AssetNode,AssetNode,AssetNode
{},2026-02-25 16:17:49,prompt,24,24,AssetNode,AssetNode,AssetNode
{},2026-02-25 16:17:49,prompt,25,25,AssetNode,AssetNode,AssetNode
{},2026-02-25 16:17:49,prompt,26,26,AssetNode,AssetNode,AssetNode
{},2026-02-25 16:17:49,prompt,27,27,AssetNode,AssetNode,AssetNode
{},2026-02-25 16:17:49,prompt,28,28,AssetNode,AssetNode,AssetNode
{},2026-02-25 16:17:49,prompt,29,29,AssetNode,AssetNode,AssetNode
{},2026-02-25 16:17:49,prompt,30,30,AssetNode,AssetNode,AssetNode
{},2026-02-25 16:17:49,prompt,31,31,AssetNode,AssetNode,AssetNode
{},2026-02-25 16:17:49,prompt,32,32,AssetNode,AssetNode,AssetNode
{},2026-02-25 16:17:49,prompt,33,33,AssetNode,AssetNode,AssetNode
{},2026-02-25 16:17:49,prompt,34,34,AssetNode,AssetNode,AssetNode
{},2026-02-25 16:17:49,prompt,35,35,AssetNode,AssetNode,AssetNode
{},2026-02-25 16:17:49,prompt,36,36,AssetNode,AssetNode,AssetNode
