parent,vars,id,creation_time,psynet_version,deployment_id,deposited,inherited,inherited_from,module_id,local_key,key_within_module,key_within_experiment,export_path,is_global,module_state_id,participant_id,trial_id,node_id,network_id,description,personal,content_id,host_path,url,is_folder,data_type,extension,storage,node_definition,type,input_path,obfuscate,md5_contents,size_mb,deposit_time_sec,used_cache,class,object_type,file_system_path
"{""py/object"": ""psynet.trial.static.StaticNode"", ""identifiers"": {""id"": 1}}","{""file_system_path"": ""/psynet-data/assets/cached/label_experiment/nodes/node_1__prompt/cf1e289cff67e50a800f97d39363bb45.webm""}",1,2026-02-25 16:17:49,13.1.1,image-stimulus-set-from-directory-demo__mode=live__launch=2026-02-25--16-17-49,True,False,,label_experiment,prompt,nodes/node_1__prompt,label_experiment/nodes/node_1__prompt,label_experiment/nodes/node_1__prompt.webm,,,,,1,1,,False,cf1e289cff67e50a800f97d39363bb45,cached/label_experiment/nodes/node_1__prompt/cf1e289cff67e50a800f97d39363bb45.webm,/static/assets/cached/label_experiment/nodes/node_1__prompt/cf1e289cff67e50a800f97d39363bb45.webm,False,,.webm,"{""py/object"": ""psynet.asset.LocalStorage"", ""_initialized"": false, ""_root"": null, ""root"": ""/psynet-data/assets""}","{""name"": ""0-20.webm""}",CachedAsset,input/experiment/participant-group-1/block-a/0-20.webm,1,,,,True,CachedAsset,Asset,/psynet-data/assets/cached/label_experiment/nodes/node_1__prompt/cf1e289cff67e50a800f97d39363bb45.webm
"{""py/object"": ""psynet.trial.static.StaticNode"", ""identifiers"": {""id"": 2}}","{""file_system_path"": ""/psynet-data/assets/cached/label_experiment/nodes/node_2__prompt/d7a4458e8d1345a6853cbdfb73ec3709.webm""}",2,2026-02-25 16:17:49,13.1.1,image-stimulus-set-from-directory-demo__mode=live__launch=2026-02-25--16-17-49,True,False,,label_experiment,prompt,nodes/node_2__prompt,label_experiment/nodes/node_2__prompt,label_experiment/nodes/node_2__prompt.webm,,,,,2,2,,False,d7a4458e8d1345a6853cbdfb73ec3709,cached/label_experiment/nodes/node_2__prompt/d7a4458e8d1345a6853cbdfb73ec3709.webm,/static/assets/cached/label_experiment/nodes/node_2__prompt/d7a4458e8d1345a6853cbdfb73ec3709.webm,False,,.webm,"{""py/object"": ""psynet.asset.LocalStorage"", ""_initialized"": false, ""_root"": null, ""root"": ""/psynet-data/assets""}","{""name"": ""0-12.webm""}",CachedAsset,input/experiment/participant-group-1/block-a/0-12.webm,1,,,,True,CachedAsset,Asset,/psynet-data/assets/cached/label_experiment/nodes/node_2__prompt/d7a4458e8d1345a6853cbdfb73ec3709.webm
"{""py/object"": ""psynet.trial.static.StaticNode"", ""identifiers"": {""id"": 3}}","{""file_system_path"": ""/psynet-data/assets/cached/label_experiment/nodes/node_3__prompt/d006d09e184494ab98c0829eae25c9e9.webm""}",3,2026-02-25 16:17:49,13.1.1,image-stimulus-set-from-directory-demo__mode=live__launch=2026-02-25--16-17-49,True,False,,label_experiment,prompt,nodes/node_3__prompt,label_experiment/nodes/node_3__prompt,label_experiment/nodes/node_3__prompt.webm,,,,,3,3,,False,d006d09e184494ab98c0829eae25c9e9,cached/label_experiment/nodes/node_3__prompt/d006d09e184494ab98c0829eae25c9e9.webm,/static/assets/cached/label_experiment/nodes/node_3__prompt/d006d09e184494ab98c0829eae25c9e9.webm,False,,.webm,"{""py/object"": ""psynet.asset.LocalStorage"", ""_initialized"": false, ""_root"": null, ""root"": ""/psynet-data/assets""}","{""name"": ""0-5.webm""}",CachedAsset,input/experiment/participant-group-1/block-a/0-5.webm,1,,,,True,CachedAsset,Asset,/psynet-data/assets/cached/label_experiment/nodes/node_3__prompt/d006d09e184494ab98c0829eae25c9e9.webm
"{""py/object"": ""psynet.trial.static.StaticNode"", ""identifiers"": {""id"": 4}}","{""file_system_path"": ""/psynet-data/assets/cached/label_experiment/nodes/node_4__prompt/7a9bf7f34aab11e227b62fa7786416b1.webm""}",4,2026-02-25 16:17:49,13.1.1,image-stimulus-set-from-directory-demo__mode=live__launch=2026-02-25--16-17-49,True,False,,label_experiment,prompt,nodes/node_4__prompt,label_experiment/nodes/node_4__prompt,label_experiment/nodes/node_4__prompt.webm,,,,,4,4,,False,7a9bf7f34aab11e227b62fa7786416b1,cached/label_experiment/nodes/node_4__prompt/7a9bf7f34aab11e227b62fa7786416b1.webm,/static/assets/cached/label_experiment/nodes/node_4__prompt/7a9bf7f34aab11e227b62fa7786416b1.webm,False,,.webm,"{""py/object"": ""psynet.asset.LocalStorage"", ""_initialized"": false, ""_root"": null, ""root"": ""/psynet-data/assets""}","{""name"": ""0-6.webm""}",CachedAsset,input/experiment/participant-group-1/block-a/0-6.webm,1,,,,True,CachedAsset,Asset,/psynet-data/assets/cached/label_experiment/nodes/node_4__prompt/7a9bf7f34aab11e227b62fa7786416b1.webm
"{""py/object"": ""psynet.trial.static.StaticNode"", ""identifiers"": {""id"": 5}}","{""file_system_path"": ""/psynet-data/assets/cached/label_experiment/nodes/node_5__prompt/21479e5625a6e65a6ed105216e3daf82.webm""}",5,2026-02-25 16:17:49,13.1.1,image-stimulus-set-from-directory-demo__mode=live__launch=2026-02-25--16-17-49,True,False,,label_experiment,prompt,nodes/node_5__prompt,label_experiment/nodes/node_5__prompt,label_experiment/nodes/node_5__prompt.webm,,,,,5,5,,False,21479e5625a6e65a6ed105216e3daf82,cached/label_experiment/nodes/node_5__prompt/21479e5625a6e65a6ed105216e3daf82.webm,/static/assets/cached/label_experiment/nodes/node_5__prompt/21479e5625a6e65a6ed105216e3daf82.webm,False,,.webm,"{""py/object"": ""psynet.asset.LocalStorage"", ""_initialized"": false, ""_root"": null, ""root"": ""/psynet-data/assets""}","{""name"": ""0-31.webm""}",CachedAsset,input/experiment/participant-group-1/block-a/0-31.webm,1,,,,True,CachedAsset,Asset,/psynet-data/assets/cached/label_experiment/nodes/node_5__prompt/21479e5625a6e65a6ed105216e3daf82.webm
"{""py/object"": ""psynet.trial.static.StaticNode"", ""identifiers"": {""id"": 6}}","{""file_system_path"": ""/psynet-data/assets/cached/label_experiment/nodes/node_6__prompt/f4dea4f6d3b68d3b8bb90a7bda31f1ae.webm""}",6,2026-02-25 16:17:49,13.1.1,image-stimulus-set-from-directory-demo__mode=live__launch=2026-02-25--16-17-49,True,False,,label_experiment,prompt,nodes/node_6__prompt,label_experiment/nodes/node_6__prompt,label_experiment/nodes/node_6__prompt.webm,,,,,6,6,,False,f4dea4f6d3b68d3b8bb90a7bda31f1ae,cached/label_experiment/nodes/node_6__prompt/f4dea4f6d3b68d3b8bb90a7bda31f1ae.webm,/static/assets/cached/label_experiment/nodes/node_6__prompt/f4dea4f6d3b68d3b8bb90a7bda31f1ae.webm,False,,.webm,"{""py/object"": ""psynet.asset.LocalStorage"", ""_initialized"": false, ""_root"": null, ""root"": ""/psynet-data/assets""}","{""name"": ""0-9.webm""}",CachedAsset,input/experiment/participant-group-1/block-a/0-9.webm,1,,,,True,CachedAsset,Asset,/psynet-data/assets/cached/label_experiment/nodes/node_6__prompt/f4dea4f6d3b68d3b8bb90a7bda31f1ae.webm
"{""py/object"": ""psynet.trial.static.StaticNode"", ""identifiers"": {""id"": 7}}","{""file_system_path"": ""/psynet-data/assets/cached/label_experiment/nodes/node_7__prompt/c9b55291995b27f345befc63f8e513f9.webm""}",7,2026-02-25 16:17:49,13.1.1,image-stimulus-set-from-directory-demo__mode=live__launch=2026-02-25--16-17-49,True,False,,label_experiment,prompt,nodes/node_7__prompt,label_experiment/nodes/node_7__prompt,label_experiment/nodes/node_7__prompt.webm,,,,,7,7,,False,c9b55291995b27f345befc63f8e513f9,cached/label_experiment/nodes/node_7__prompt/c9b55291995b27f345befc63f8e513f9.webm,/static/assets/cached/label_experiment/nodes/node_7__prompt/c9b55291995b27f345befc63f8e513f9.webm,False,,.webm,"{""py/object"": ""psynet.asset.LocalStorage"", ""_initialized"": false, ""_root"": null, ""root"": ""/psynet-data/assets""}","{""name"": ""0-27.webm""}",CachedAsset,input/experiment/participant-group-1/block-a/0-27.webm,1,,,,True,CachedAsset,Asset,/psynet-data/assets/cached/label_experiment/nodes/node_7__prompt/c9b55291995b27f345befc63f8e513f9.webm
"{""py/object"": ""psynet.trial.static.StaticNode"", ""identifiers"": {""id"": 8}}","{""file_system_path"": ""/psynet-data/assets/cached/label_experiment/nodes/node_8__prompt/02c5479e5f9b4fa391587769df8eef56.webm""}",8,2026-02-25 16:17:49,13.1.1,image-stimulus-set-from-directory-demo__mode=live__launch=2026-02-25--16-17-49,True,False,,label_experiment,prompt,nodes/node_8__prompt,label_experiment/nodes/node_8__prompt,label_experiment/nodes/node_8__prompt.webm,,,,,8,8,,False,02c5479e5f9b4fa391587769df8eef56,cached/label_experiment/nodes/node_8__prompt/02c5479e5f9b4fa391587769df8eef56.webm,/static/assets/cached/label_experiment/nodes/node_8__prompt/02c5479e5f9b4fa391587769df8eef56.webm,False,,.webm,"{""py/object"": ""psynet.asset.LocalStorage"", ""_initialized"": false, ""_root"": null, ""root"": ""/psynet-data/assets""}","{""name"": ""0-14.webm""}",CachedAsset,input/experiment/participant-group-1/block-a/0-14.webm,1,,,,True,CachedAsset,Asset,/psynet-data/assets/cached/label_experiment/nodes/node_8__prompt/02c5479e5f9b4fa391587769df8eef56.webm
"{""py/object"": ""psynet.trial.static.StaticNode"", ""identifiers"": {""id"": 9}}","{""file_system_path"": ""/psynet-data/assets/cached/label_experiment/nodes/node_9__prompt/aa0fcb174356911eeb5d14c713ccaa1c.webm""}",9,2026-02-25 16:17:49,13.1.1,image-stimulus-set-from-directory-demo__mode=live__launch=2026-02-25--16-17-49,True,False,,label_experiment,prompt,nodes/node_9__prompt,label_experiment/nodes/node_9__prompt,label_experiment/nodes/node_9__prompt.webm,,,,,9,9,,False,aa0fcb174356911eeb5d14c713ccaa1c,cached/label_experiment/nodes/node_9__prompt/aa0fcb174356911eeb5d14c713ccaa1c.webm,/static/assets/cached/label_experiment/nodes/node_9__prompt/aa0fcb174356911eeb5d14c713ccaa1c.webm,False,,.webm,"{""py/object"": ""psynet.asset.LocalStorage"", ""_initialized"": false, ""_root"": null, ""root"": ""/psynet-data/assets""}","{""name"": ""0-13.webm""}",CachedAsset,input/experiment/participant-group-1/block-a/0-13.webm,1,,,,True,CachedAsset,Asset,/psynet-data/assets/cached/label_experiment/nodes/node_9__prompt/aa0fcb174356911eeb5d14c713ccaa1c.webm
"{""py/object"": ""psynet.trial.static.StaticNode"", ""identifiers"": {""id"": 10}}","{""file_system_path"": ""/psynet-data/assets/cached/label_experiment/nodes/node_10__prompt/f3c09542f2b511848d8926e694a8c5e6.webm""}",10,2026-02-25 16:17:49,13.1.1,image-stimulus-set-from-directory-demo__mode=live__launch=2026-02-25--16-17-49,True,False,,label_experiment,prompt,nodes/node_10__prompt,label_experiment/nodes/node_10__prompt,label_experiment/nodes/node_10__prompt.webm,,,,,10,10,,False,f3c09542f2b511848d8926e694a8c5e6,cached/label_experiment/nodes/node_10__prompt/f3c09542f2b511848d8926e694a8c5e6.webm,/static/assets/cached/label_experiment/nodes/node_10__prompt/f3c09542f2b511848d8926e694a8c5e6.webm,False,,.webm,"{""py/object"": ""psynet.asset.LocalStorage"", ""_initialized"": false, ""_root"": null, ""root"": ""/psynet-data/assets""}","{""name"": ""0-19.webm""}",CachedAsset,input/experiment/participant-group-1/block-a/0-19.webm,1,,,,True,CachedAsset,Asset,/psynet-data/assets/cached/label_experiment/nodes/node_10__prompt/f3c09542f2b511848d8926e694a8c5e6.webm
"{""py/object"": ""psynet.trial.static.StaticNode"", ""identifiers"": {""id"": 11}}","{""file_system_path"": ""/psynet-data/assets/cached/label_experiment/nodes/node_11__prompt/5dfded3b0357d08e76f0737d279f1c85.webm""}",11,2026-02-25 16:17:49,13.1.1,image-stimulus-set-from-directory-demo__mode=live__launch=2026-02-25--16-17-49,True,False,,label_experiment,prompt,nodes/node_11__prompt,label_experiment/nodes/node_11__prompt,label_experiment/nodes/node_11__prompt.webm,,,,,11,11,,False,5dfded3b0357d08e76f0737d279f1c85,cached/label_experiment/nodes/node_11__prompt/5dfded3b0357d08e76f0737d279f1c85.webm,/static/assets/cached/label_experiment/nodes/node_11__prompt/5dfded3b0357d08e76f0737d279f1c85.webm,False,,.webm,"{""py/object"": ""psynet.asset.LocalStorage"", ""_initialized"": false, ""_root"": null, ""root"": ""/psynet-data/assets""}","{""name"": ""0-1.webm""}",CachedAsset,input/experiment/participant-group-1/block-a/0-1.webm,1,,,,True,CachedAsset,Asset,/psynet-data/assets/cached/label_experiment/nodes/node_11__prompt/5dfded3b0357d08e76f0737d279f1c85.webm
"{""py/object"": ""psynet.trial.static.StaticNode"", ""identifiers"": {""id"": 12}}","{""file_system_path"": ""/psynet-data/assets/cached/label_experiment/nodes/node_12__prompt/18d98eb801b3d4bdc6e00f266ffa364a.webm""}",12,2026-02-25 16:17:49,13.1.1,image-stimulus-set-from-directory-demo__mode=live__launch=2026-02-25--16-17-49,True,False,,label_experiment,prompt,nodes/node_12__prompt,label_experiment/nodes/node_12__prompt,label_experiment/nodes/node_12__prompt.webm,,,,,12,12,,False,18d98eb801b3d4bdc6e00f266ffa364a,cached/label_experiment/nodes/node_12__prompt/18d98eb801b3d4bdc6e00f266ffa364a.webm,/static/assets/cached/label_experiment/nodes/node_12__prompt/18d98eb801b3d4bdc6e00f266ffa364a.webm,False,,.webm,"{""py/object"": ""psynet.asset.LocalStorage"", ""_initialized"": false, ""_root"": null, ""root"": ""/psynet-data/assets""}","{""name"": ""0-26.webm""}",CachedAsset,input/experiment/participant-group-1/block-a/0-26.webm,1,,,,True,CachedAsset,Asset,/psynet-data/assets/cached/label_experiment/nodes/node_12__prompt/18d98eb801b3d4bdc6e00f266ffa364a.webm
"{""py/object"": ""psynet.trial.static.StaticNode"", ""identifiers"": {""id"": 13}}","{""file_system_path"": ""/psynet-data/assets/cached/label_experiment/nodes/node_13__prompt/fab20dc68d4f3f81a60946cfa419399a.webm""}",13,2026-02-25 16:17:49,13.1.1,image-stimulus-set-from-directory-demo__mode=live__launch=2026-02-25--16-17-49,True,False,,label_experiment,prompt,nodes/node_13__prompt,label_experiment/nodes/node_13__prompt,label_experiment/nodes/node_13__prompt.webm,,,,,13,13,,False,fab20dc68d4f3f81a60946cfa419399a,cached/label_experiment/nodes/node_13__prompt/fab20dc68d4f3f81a60946cfa419399a.webm,/static/assets/cached/label_experiment/nodes/node_13__prompt/fab20dc68d4f3f81a60946cfa419399a.webm,False,,.webm,"{""py/object"": ""psynet.asset.LocalStorage"", ""_initialized"": false, ""_root"": null, ""root"": ""/psynet-data/assets""}","{""name"": ""0-29.webm""}",CachedAsset,input/experiment/participant-group-1/block-a/0-29.webm,1,,,,True,CachedAsset,Asset,/psynet-data/assets/cached/label_experiment/nodes/node_13__prompt/fab20dc68d4f3f81a60946cfa419399a.webm
"{""py/object"": ""psynet.trial.static.StaticNode"", ""identifiers"": {""id"": 14}}","{""file_system_path"": ""/psynet-data/assets/cached/label_experiment/nodes/node_14__prompt/0dd95d3b7d65623f5b8ad7af5dfb2972.webm""}",14,2026-02-25 16:17:49,13.1.1,image-stimulus-set-from-directory-demo__mode=live__launch=2026-02-25--16-17-49,True,False,,label_experiment,prompt,nodes/node_14__prompt,label_experiment/nodes/node_14__prompt,label_experiment/nodes/node_14__prompt.webm,,,,,14,14,,False,0dd95d3b7d65623f5b8ad7af5dfb2972,cached/label_experiment/nodes/node_14__prompt/0dd95d3b7d65623f5b8ad7af5dfb2972.webm,/static/assets/cached/label_experiment/nodes/node_14__prompt/0dd95d3b7d65623f5b8ad7af5dfb2972.webm,False,,.webm,"{""py/object"": ""psynet.asset.LocalStorage"", ""_initialized"": false, ""_root"": null, ""root"": ""/psynet-data/assets""}","{""name"": ""0-33.webm""}",CachedAsset,input/experiment/participant-group-1/block-a/0-33.webm,1,,,,True,CachedAsset,Asset,/psynet-data/assets/cached/label_experiment/nodes/node_14__prompt/0dd95d3b7d65623f5b8ad7af5dfb2972.webm
"{""py/object"": ""psynet.trial.static.StaticNode"", ""identifiers"": {""id"": 15}}","{""file_system_path"": ""/psynet-data/assets/cached/label_experiment/nodes/node_15__prompt/012aaf4cb2d1daa3a7cd514641c1ab60.webm""}",15,2026-02-25 16:17:49,13.1.1,image-stimulus-set-from-directory-demo__mode=live__launch=2026-02-25--16-17-49,True,False,,label_experiment,prompt,nodes/node_15__prompt,label_experiment/nodes/node_15__prompt,label_experiment/nodes/node_15__prompt.webm,,,,,15,15,,False,012aaf4cb2d1daa3a7cd514641c1ab60,cached/label_experiment/nodes/node_15__prompt/012aaf4cb2d1daa3a7cd514641c1ab60.webm,/static/assets/cached/label_experiment/nodes/node_15__prompt/012aaf4cb2d1daa3a7cd514641c1ab60.webm,False,,.webm,"{""py/object"": ""psynet.asset.LocalStorage"", ""_initialized"": false, ""_root"": null, ""root"": ""/psynet-data/assets""}","{""name"": ""0-15.webm""}",CachedAsset,input/experiment/participant-group-1/block-a/0-15.webm,1,,,,True,CachedAsset,Asset,/psynet-data/assets/cached/label_experiment/nodes/node_15__prompt/012aaf4cb2d1daa3a7cd514641c1ab60.webm
"{""py/object"": ""psynet.trial.static.StaticNode"", ""identifiers"": {""id"": 16}}","{""file_system_path"": ""/psynet-data/assets/cached/label_experiment/nodes/node_16__prompt/1a88c06dfdedb93349fe80f44658696c.webm""}",16,2026-02-25 16:17:49,13.1.1,image-stimulus-set-from-directory-demo__mode=live__launch=2026-02-25--16-17-49,True,False,,label_experiment,prompt,nodes/node_16__prompt,label_experiment/nodes/node_16__prompt,label_experiment/nodes/node_16__prompt.webm,,,,,16,16,,False,1a88c06dfdedb93349fe80f44658696c,cached/label_experiment/nodes/node_16__prompt/1a88c06dfdedb93349fe80f44658696c.webm,/static/assets/cached/label_experiment/nodes/node_16__prompt/1a88c06dfdedb93349fe80f44658696c.webm,False,,.webm,"{""py/object"": ""psynet.asset.LocalStorage"", ""_initialized"": false, ""_root"": null, ""root"": ""/psynet-data/assets""}","{""name"": ""0-23.webm""}",CachedAsset,input/experiment/participant-group-1/block-a/0-23.webm,1,,,,True,CachedAsset,Asset,/psynet-data/assets/cached/label_experiment/nodes/node_16__prompt/1a88c06dfdedb93349fe80f44658696c.webm
"{""py/object"": ""psynet.trial.static.StaticNode"", ""identifiers"": {""id"": 17}}","{""file_system_path"": ""/psynet-data/assets/cached/label_experiment/nodes/node_17__prompt/dc8cf7442872f6d5ec3f822eb2676f7e.webm""}",17,2026-02-25 16:17:49,13.1.1,image-stimulus-set-from-directory-demo__mode=live__launch=2026-02-25--16-17-49,True,False,,label_experiment,prompt,nodes/node_17__prompt,label_experiment/nodes/node_17__prompt,label_experiment/nodes/node_17__prompt.webm,,,,,17,17,,False,dc8cf7442872f6d5ec3f822eb2676f7e,cached/label_experiment/nodes/node_17__prompt/dc8cf7442872f6d5ec3f822eb2676f7e.webm,/static/assets/cached/label_experiment/nodes/node_17__prompt/dc8cf7442872f6d5ec3f822eb2676f7e.webm,False,,.webm,"{""py/object"": ""psynet.asset.LocalStorage"", ""_initialized"": false, ""_root"": null, ""root"": ""/psynet-data/assets""}","{""name"": ""0-30.webm""}",CachedAsset,input/experiment/participant-group-1/block-a/0-30.webm,1,,,,True,CachedAsset,Asset,/psynet-data/assets/cached/label_experiment/nodes/node_17__prompt/dc8cf7442872f6d5ec3f822eb2676f7e.webm
"{""py/object"": ""psynet.trial.static.StaticNode"", ""identifiers"": {""id"": 18}}","{""file_system_path"": ""/psynet-data/assets/cached/label_experiment/nodes/node_18__prompt/e4b7fe5c27859cc4db18d93297a2d742.webm""}",18,2026-02-25 16:17:49,13.1.1,image-stimulus-set-from-directory-demo__mode=live__launch=2026-02-25--16-17-49,True,False,,label_experiment,prompt,nodes/node_18__prompt,label_experiment/nodes/node_18__prompt,label_experiment/nodes/node_18__prompt.webm,,,,,18,18,,False,e4b7fe5c27859cc4db18d93297a2d742,cached/label_experiment/nodes/node_18__prompt/e4b7fe5c27859cc4db18d93297a2d742.webm,/static/assets/cached/label_experiment/nodes/node_18__prompt/e4b7fe5c27859cc4db18d93297a2d742.webm,False,,.webm,"{""py/object"": ""psynet.asset.LocalStorage"", ""_initialized"": false, ""_root"": null, ""root"": ""/psynet-data/assets""}","{""name"": ""0-10.webm""}",CachedAsset,input/experiment/participant-group-1/block-a/0-10.webm,1,,,,True,CachedAsset,Asset,/psynet-data/assets/cached/label_experiment/nodes/node_18__prompt/e4b7fe5c27859cc4db18d93297a2d742.webm
"{""py/object"": ""psynet.trial.static.StaticNode"", ""identifiers"": {""id"": 19}}","{""file_system_path"": ""/psynet-data/assets/cached/label_experiment/nodes/node_19__prompt/da9dbeccbfc0e20491f895efdd9120e1.webm""}",19,2026-02-25 16:17:49,13.1.1,image-stimulus-set-from-directory-demo__mode=live__launch=2026-02-25--16-17-49,True,False,,label_experiment,prompt,nodes/node_19__prompt,label_experiment/nodes/node_19__prompt,label_experiment/nodes/node_19__prompt.webm,,,,,19,19,,False,da9dbeccbfc0e20491f895efdd9120e1,cached/label_experiment/nodes/node_19__prompt/da9dbeccbfc0e20491f895efdd9120e1.webm,/static/assets/cached/label_experiment/nodes/node_19__prompt/da9dbeccbfc0e20491f895efdd9120e1.webm,False,,.webm,"{""py/object"": ""psynet.asset.LocalStorage"", ""_initialized"": false, ""_root"": null, ""root"": ""/psynet-data/assets""}","{""name"": ""0-35.webm""}",CachedAsset,input/experiment/participant-group-1/block-a/0-35.webm,1,,,,True,CachedAsset,Asset,/psynet-data/assets/cached/label_experiment/nodes/node_19__prompt/da9dbeccbfc0e20491f895efdd9120e1.webm
"{""py/object"": ""psynet.trial.static.StaticNode"", ""identifiers"": {""id"": 20}}","{""file_system_path"": ""/psynet-data/assets/cached/label_experiment/nodes/node_20__prompt/6edc3e0bb389c719676b689e25528a88.webm""}",20,2026-02-25 16:17:49,13.1.1,image-stimulus-set-from-directory-demo__mode=live__launch=2026-02-25--16-17-49,True,False,,label_experiment,prompt,nodes/node_20__prompt,label_experiment/nodes/node_20__prompt,label_experiment/nodes/node_20__prompt.webm,,,,,20,20,,False,6edc3e0bb389c719676b689e25528a88,cached/label_experiment/nodes/node_20__prompt/6edc3e0bb389c719676b689e25528a88.webm,/static/assets/cached/label_experiment/nodes/node_20__prompt/6edc3e0bb389c719676b689e25528a88.webm,False,,.webm,"{""py/object"": ""psynet.asset.LocalStorage"", ""_initialized"": false, ""_root"": null, ""root"": ""/psynet-data/assets""}","{""name"": ""0-3.webm""}",CachedAsset,input/experiment/participant-group-1/block-a/0-3.webm,1,,,,True,CachedAsset,Asset,/psynet-data/assets/cached/label_experiment/nodes/node_20__prompt/6edc3e0bb389c719676b689e25528a88.webm
"{""py/object"": ""psynet.trial.static.StaticNode"", ""identifiers"": {""id"": 21}}","{""file_system_path"": ""/psynet-data/assets/cached/label_experiment/nodes/node_21__prompt/c2671dcf1b11bf16d6e68b6a67bb587c.webm""}",21,2026-02-25 16:17:49,13.1.1,image-stimulus-set-from-directory-demo__mode=live__launch=2026-02-25--16-17-49,True,False,,label_experiment,prompt,nodes/node_21__prompt,label_experiment/nodes/node_21__prompt,label_experiment/nodes/node_21__prompt.webm,,,,,21,21,,False,c2671dcf1b11bf16d6e68b6a67bb587c,cached/label_experiment/nodes/node_21__prompt/c2671dcf1b11bf16d6e68b6a67bb587c.webm,/static/assets/cached/label_experiment/nodes/node_21__prompt/c2671dcf1b11bf16d6e68b6a67bb587c.webm,False,,.webm,"{""py/object"": ""psynet.asset.LocalStorage"", ""_initialized"": false, ""_root"": null, ""root"": ""/psynet-data/assets""}","{""name"": ""0-18.webm""}",CachedAsset,input/experiment/participant-group-1/block-a/0-18.webm,1,,,,True,CachedAsset,Asset,/psynet-data/assets/cached/label_experiment/nodes/node_21__prompt/c2671dcf1b11bf16d6e68b6a67bb587c.webm
"{""py/object"": ""psynet.trial.static.StaticNode"", ""identifiers"": {""id"": 22}}","{""file_system_path"": ""/psynet-data/assets/cached/label_experiment/nodes/node_22__prompt/ae2bb5cb08faa0fee64e0ed6eceeb1e3.webm""}",22,2026-02-25 16:17:49,13.1.1,image-stimulus-set-from-directory-demo__mode=live__launch=2026-02-25--16-17-49,True,False,,label_experiment,prompt,nodes/node_22__prompt,label_experiment/nodes/node_22__prompt,label_experiment/nodes/node_22__prompt.webm,,,,,22,22,,False,ae2bb5cb08faa0fee64e0ed6eceeb1e3,cached/label_experiment/nodes/node_22__prompt/ae2bb5cb08faa0fee64e0ed6eceeb1e3.webm,/static/assets/cached/label_experiment/nodes/node_22__prompt/ae2bb5cb08faa0fee64e0ed6eceeb1e3.webm,False,,.webm,"{""py/object"": ""psynet.asset.LocalStorage"", ""_initialized"": false, ""_root"": null, ""root"": ""/psynet-data/assets""}","{""name"": ""0-28.webm""}",CachedAsset,input/experiment/participant-group-1/block-a/0-28.webm,1,,,,True,CachedAsset,Asset,/psynet-data/assets/cached/label_experiment/nodes/node_22__prompt/ae2bb5cb08faa0fee64e0ed6eceeb1e3.webm
"{""py/object"": ""psynet.trial.static.StaticNode"", ""identifiers"": {""id"": 23}}","{""file_system_path"": ""/psynet-data/assets/cached/label_experiment/nodes/node_23__prompt/53226b4509ac93144b8b5e115dc4baf4.webm""}",23,2026-02-25 16:17:49,13.1.1,image-stimulus-set-from-directory-demo__mode=live__launch=2026-02-25--16-17-49,True,False,,label_experiment,prompt,nodes/node_23__prompt,label_experiment/nodes/node_23__prompt,label_experiment/nodes/node_23__prompt.webm,,,,,23,23,,False,53226b4509ac93144b8b5e115dc4baf4,cached/label_experiment/nodes/node_23__prompt/53226b4509ac93144b8b5e115dc4baf4.webm,/static/assets/cached/label_experiment/nodes/node_23__prompt/53226b4509ac93144b8b5e115dc4baf4.webm,False,,.webm,"{""py/object"": ""psynet.asset.LocalStorage"", ""_initialized"": false, ""_root"": null, ""root"": ""/psynet-data/assets""}","{""name"": ""0-17.webm""}",CachedAsset,input/experiment/participant-group-1/block-a/0-17.webm,1,,,,True,CachedAsset,Asset,/psynet-data/assets/cached/label_experiment/nodes/node_23__prompt/53226b4509ac93144b8b5e115dc4baf4.webm
"{""py/object"": ""psynet.trial.static.StaticNode"", ""identifiers"": {""id"": 24}}","{""file_system_path"": ""/psynet-data/assets/cached/label_experiment/nodes/node_24__prompt/16504d913730c61e84c7bb32e6cf05a0.webm""}",24,2026-02-25 16:17:49,13.1.1,image-stimulus-set-from-directory-demo__mode=live__launch=2026-02-25--16-17-49,True,False,,label_experiment,prompt,nodes/node_24__prompt,label_experiment/nodes/node_24__prompt,label_experiment/nodes/node_24__prompt.webm,,,,,24,24,,False,16504d913730c61e84c7bb32e6cf05a0,cached/label_experiment/nodes/node_24__prompt/16504d913730c61e84c7bb32e6cf05a0.webm,/static/assets/cached/label_experiment/nodes/node_24__prompt/16504d913730c61e84c7bb32e6cf05a0.webm,False,,.webm,"{""py/object"": ""psynet.asset.LocalStorage"", ""_initialized"": false, ""_root"": null, ""root"": ""/psynet-data/assets""}","{""name"": ""0-25.webm""}",CachedAsset,input/experiment/participant-group-1/block-a/0-25.webm,1,,,,True,CachedAsset,Asset,/psynet-data/assets/cached/label_experiment/nodes/node_24__prompt/16504d913730c61e84c7bb32e6cf05a0.webm
"{""py/object"": ""psynet.trial.static.StaticNode"", ""identifiers"": {""id"": 25}}","{""file_system_path"": ""/psynet-data/assets/cached/label_experiment/nodes/node_25__prompt/2ba7fabf9275e529703cc4ec9dbc0147.webm""}",25,2026-02-25 16:17:49,13.1.1,image-stimulus-set-from-directory-demo__mode=live__launch=2026-02-25--16-17-49,True,False,,label_experiment,prompt,nodes/node_25__prompt,label_experiment/nodes/node_25__prompt,label_experiment/nodes/node_25__prompt.webm,,,,,25,25,,False,2ba7fabf9275e529703cc4ec9dbc0147,cached/label_experiment/nodes/node_25__prompt/2ba7fabf9275e529703cc4ec9dbc0147.webm,/static/assets/cached/label_experiment/nodes/node_25__prompt/2ba7fabf9275e529703cc4ec9dbc0147.webm,False,,.webm,"{""py/object"": ""psynet.asset.LocalStorage"", ""_initialized"": false, ""_root"": null, ""root"": ""/psynet-data/assets""}","{""name"": ""0-24.webm""}",CachedAsset,input/experiment/participant-group-1/block-a/0-24.webm,1,,,,True,CachedAsset,Asset,/psynet-data/assets/cached/label_experiment/nodes/node_25__prompt/2ba7fabf9275e529703cc4ec9dbc0147.webm
"{""py/object"": ""psynet.trial.static.StaticNode"", ""identifiers"": {""id"": 26}}","{""file_system_path"": ""/psynet-data/assets/cached/label_experiment/nodes/node_26__prompt/f453aa35d539071cf2025fe49156347f.webm""}",26,2026-02-25 16:17:49,13.1.1,image-stimulus-set-from-directory-demo__mode=live__launch=2026-02-25--16-17-49,True,False,,label_experiment,prompt,nodes/node_26__prompt,label_experiment/nodes/node_26__prompt,label_experiment/nodes/node_26__prompt.webm,,,,,26,26,,False,f453aa35d539071cf2025fe49156347f,cached/label_experiment/nodes/node_26__prompt/f453aa35d539071cf2025fe49156347f.webm,/static/assets/cached/label_experiment/nodes/node_26__prompt/f453aa35d539071cf2025fe49156347f.webm,False,,.webm,"{""py/object"": ""psynet.asset.LocalStorage"", ""_initialized"": false, ""_root"": null, ""root"": ""/psynet-data/assets""}","{""name"": ""0-16.webm""}",CachedAsset,input/experiment/participant-group-1/block-a/0-16.webm,1,,,,True,CachedAsset,Asset,/psynet-data/assets/cached/label_experiment/nodes/node_26__prompt/f453aa35d539071cf2025fe49156347f.webm
"{""py/object"": ""psynet.trial.static.StaticNode"", ""identifiers"": {""id"": 27}}","{""file_system_path"": ""/psynet-data/assets/cached/label_experiment/nodes/node_27__prompt/fbf6f6f85111d8dd1c1022312126f032.webm""}",27,2026-02-25 16:17:49,13.1.1,image-stimulus-set-from-directory-demo__mode=live__launch=2026-02-25--16-17-49,True,False,,label_experiment,prompt,nodes/node_27__prompt,label_experiment/nodes/node_27__prompt,label_experiment/nodes/node_27__prompt.webm,,,,,27,27,,False,fbf6f6f85111d8dd1c1022312126f032,cached/label_experiment/nodes/node_27__prompt/fbf6f6f85111d8dd1c1022312126f032.webm,/static/assets/cached/label_experiment/nodes/node_27__prompt/fbf6f6f85111d8dd1c1022312126f032.webm,False,,.webm,"{""py/object"": ""psynet.asset.LocalStorage"", ""_initialized"": false, ""_root"": null, ""root"": ""/psynet-data/assets""}","{""name"": ""0-32.webm""}",CachedAsset,input/experiment/participant-group-1/block-a/0-32.webm,1,,,,True,CachedAsset,Asset,/psynet-data/assets/cached/label_experiment/nodes/node_27__prompt/fbf6f6f85111d8dd1c1022312126f032.webm
"{""py/object"": ""psynet.trial.static.StaticNode"", ""identifiers"": {""id"": 28}}","{""file_system_path"": ""/psynet-data/assets/cached/label_experiment/nodes/node_28__prompt/0ae423eb1cf55e86e1afdf7cdd617a54.webm""}",28,2026-02-25 16:17:49,13.1.1,image-stimulus-set-from-directory-demo__mode=live__launch=2026-02-25--16-17-49,True,False,,label_experiment,prompt,nodes/node_28__prompt,label_experiment/nodes/node_28__prompt,label_experiment/nodes/node_28__prompt.webm,,,,,28,28,,False,0ae423eb1cf55e86e1afdf7cdd617a54,cached/label_experiment/nodes/node_28__prompt/0ae423eb1cf55e86e1afdf7cdd617a54.webm,/static/assets/cached/label_experiment/nodes/node_28__prompt/0ae423eb1cf55e86e1afdf7cdd617a54.webm,False,,.webm,"{""py/object"": ""psynet.asset.LocalStorage"", ""_initialized"": false, ""_root"": null, ""root"": ""/psynet-data/assets""}","{""name"": ""0-0.webm""}",CachedAsset,input/experiment/participant-group-1/block-a/0-0.webm,1,,,,True,CachedAsset,Asset,/psynet-data/assets/cached/label_experiment/nodes/node_28__prompt/0ae423eb1cf55e86e1afdf7cdd617a54.webm
"{""py/object"": ""psynet.trial.static.StaticNode"", ""identifiers"": {""id"": 29}}","{""file_system_path"": ""/psynet-data/assets/cached/label_experiment/nodes/node_29__prompt/00db4a64d47b229432cc60ddfda9b78a.webm""}",29,2026-02-25 16:17:49,13.1.1,image-stimulus-set-from-directory-demo__mode=live__launch=2026-02-25--16-17-49,True,False,,label_experiment,prompt,nodes/node_29__prompt,label_experiment/nodes/node_29__prompt,label_experiment/nodes/node_29__prompt.webm,,,,,29,29,,False,00db4a64d47b229432cc60ddfda9b78a,cached/label_experiment/nodes/node_29__prompt/00db4a64d47b229432cc60ddfda9b78a.webm,/static/assets/cached/label_experiment/nodes/node_29__prompt/00db4a64d47b229432cc60ddfda9b78a.webm,False,,.webm,"{""py/object"": ""psynet.asset.LocalStorage"", ""_initialized"": false, ""_root"": null, ""root"": ""/psynet-data/assets""}","{""name"": ""0-8.webm""}",CachedAsset,input/experiment/participant-group-1/block-a/0-8.webm,1,,,,True,CachedAsset,Asset,/psynet-data/assets/cached/label_experiment/nodes/node_29__prompt/00db4a64d47b229432cc60ddfda9b78a.webm
"{""py/object"": ""psynet.trial.static.StaticNode"", ""identifiers"": {""id"": 30}}","{""file_system_path"": ""/psynet-data/assets/cached/label_experiment/nodes/node_30__prompt/f2a2226f19303891621083bf96f598ff.webm""}",30,2026-02-25 16:17:49,13.1.1,image-stimulus-set-from-directory-demo__mode=live__launch=2026-02-25--16-17-49,True,False,,label_experiment,prompt,nodes/node_30__prompt,label_experiment/nodes/node_30__prompt,label_experiment/nodes/node_30__prompt.webm,,,,,30,30,,False,f2a2226f19303891621083bf96f598ff,cached/label_experiment/nodes/node_30__prompt/f2a2226f19303891621083bf96f598ff.webm,/static/assets/cached/label_experiment/nodes/node_30__prompt/f2a2226f19303891621083bf96f598ff.webm,False,,.webm,"{""py/object"": ""psynet.asset.LocalStorage"", ""_initialized"": false, ""_root"": null, ""root"": ""/psynet-data/assets""}","{""name"": ""0-21.webm""}",CachedAsset,input/experiment/participant-group-1/block-a/0-21.webm,1,,,,True,CachedAsset,Asset,/psynet-data/assets/cached/label_experiment/nodes/node_30__prompt/f2a2226f19303891621083bf96f598ff.webm
"{""py/object"": ""psynet.trial.static.StaticNode"", ""identifiers"": {""id"": 31}}","{""file_system_path"": ""/psynet-data/assets/cached/label_experiment/nodes/node_31__prompt/992b6f9aee47e4851288c6c8f4dbaddb.webm""}",31,2026-02-25 16:17:49,13.1.1,image-stimulus-set-from-directory-demo__mode=live__launch=2026-02-25--16-17-49,True,False,,label_experiment,prompt,nodes/node_31__prompt,label_experiment/nodes/node_31__prompt,label_experiment/nodes/node_31__prompt.webm,,,,,31,31,,False,992b6f9aee47e4851288c6c8f4dbaddb,cached/label_experiment/nodes/node_31__prompt/992b6f9aee47e4851288c6c8f4dbaddb.webm,/static/assets/cached/label_experiment/nodes/node_31__prompt/992b6f9aee47e4851288c6c8f4dbaddb.webm,False,,.webm,"{""py/object"": ""psynet.asset.LocalStorage"", ""_initialized"": false, ""_root"": null, ""root"": ""/psynet-data/assets""}","{""name"": ""0-2.webm""}",CachedAsset,input/experiment/participant-group-1/block-a/0-2.webm,1,,,,True,CachedAsset,Asset,/psynet-data/assets/cached/label_experiment/nodes/node_31__prompt/992b6f9aee47e4851288c6c8f4dbaddb.webm
"{""py/object"": ""psynet.trial.static.StaticNode"", ""identifiers"": {""id"": 32}}","{""file_system_path"": ""/psynet-data/assets/cached/label_experiment/nodes/node_32__prompt/f525b81e7bc87edf7c884654fe60d1b2.webm""}",32,2026-02-25 16:17:49,13.1.1,image-stimulus-set-from-directory-demo__mode=live__launch=2026-02-25--16-17-49,True,False,,label_experiment,prompt,nodes/node_32__prompt,label_experiment/nodes/node_32__prompt,label_experiment/nodes/node_32__prompt.webm,,,,,32,32,,False,f525b81e7bc87edf7c884654fe60d1b2,cached/label_experiment/nodes/node_32__prompt/f525b81e7bc87edf7c884654fe60d1b2.webm,/static/assets/cached/label_experiment/nodes/node_32__prompt/f525b81e7bc87edf7c884654fe60d1b2.webm,False,,.webm,"{""py/object"": ""psynet.asset.LocalStorage"", ""_initialized"": false, ""_root"": null, ""root"": ""/psynet-data/assets""}","{""name"": ""0-22.webm""}",CachedAsset,input/experiment/participant-group-1/block-a/0-22.webm,1,,,,True,CachedAsset,Asset,/psynet-data/assets/cached/label_experiment/nodes/node_32__prompt/f525b81e7bc87edf7c884654fe60d1b2.webm
"{""py/object"": ""psynet.trial.static.StaticNode"", ""identifiers"": {""id"": 33}}","{""file_system_path"": ""/psynet-data/assets/cached/label_experiment/nodes/node_33__prompt/69b10bd425a1dc8f29b5f3cde417fc3a.webm""}",33,2026-02-25 16:17:49,13.1.1,image-stimulus-set-from-directory-demo__mode=live__launch=2026-02-25--16-17-49,True,False,,label_experiment,prompt,nodes/node_33__prompt,label_experiment/nodes/node_33__prompt,label_experiment/nodes/node_33__prompt.webm,,,,,33,33,,False,69b10bd425a1dc8f29b5f3cde417fc3a,cached/label_experiment/nodes/node_33__prompt/69b10bd425a1dc8f29b5f3cde417fc3a.webm,/static/assets/cached/label_experiment/nodes/node_33__prompt/69b10bd425a1dc8f29b5f3cde417fc3a.webm,False,,.webm,"{""py/object"": ""psynet.asset.LocalStorage"", ""_initialized"": false, ""_root"": null, ""root"": ""/psynet-data/assets""}","{""name"": ""0-34.webm""}",CachedAsset,input/experiment/participant-group-1/block-a/0-34.webm,1,,,,True,CachedAsset,Asset,/psynet-data/assets/cached/label_experiment/nodes/node_33__prompt/69b10bd425a1dc8f29b5f3cde417fc3a.webm
"{""py/object"": ""psynet.trial.static.StaticNode"", ""identifiers"": {""id"": 34}}","{""file_system_path"": ""/psynet-data/assets/cached/label_experiment/nodes/node_34__prompt/f4e2eeab7c99997ffb1b20f68bf0c866.webm""}",34,2026-02-25 16:17:49,13.1.1,image-stimulus-set-from-directory-demo__mode=live__launch=2026-02-25--16-17-49,True,False,,label_experiment,prompt,nodes/node_34__prompt,label_experiment/nodes/node_34__prompt,label_experiment/nodes/node_34__prompt.webm,,,,,34,34,,False,f4e2eeab7c99997ffb1b20f68bf0c866,cached/label_experiment/nodes/node_34__prompt/f4e2eeab7c99997ffb1b20f68bf0c866.webm,/static/assets/cached/label_experiment/nodes/node_34__prompt/f4e2eeab7c99997ffb1b20f68bf0c866.webm,False,,.webm,"{""py/object"": ""psynet.asset.LocalStorage"", ""_initialized"": false, ""_root"": null, ""root"": ""/psynet-data/assets""}","{""name"": ""0-4.webm""}",CachedAsset,input/experiment/participant-group-1/block-a/0-4.webm,1,,,,True,CachedAsset,Asset,/psynet-data/assets/cached/label_experiment/nodes/node_34__prompt/f4e2eeab7c99997ffb1b20f68bf0c866.webm
"{""py/object"": ""psynet.trial.static.StaticNode"", ""identifiers"": {""id"": 35}}","{""file_system_path"": ""/psynet-data/assets/cached/label_experiment/nodes/node_35__prompt/2d726fc88751d2cc6130d3aaf15df520.webm""}",35,2026-02-25 16:17:49,13.1.1,image-stimulus-set-from-directory-demo__mode=live__launch=2026-02-25--16-17-49,True,False,,label_experiment,prompt,nodes/node_35__prompt,label_experiment/nodes/node_35__prompt,label_experiment/nodes/node_35__prompt.webm,,,,,35,35,,False,2d726fc88751d2cc6130d3aaf15df520,cached/label_experiment/nodes/node_35__prompt/2d726fc88751d2cc6130d3aaf15df520.webm,/static/assets/cached/label_experiment/nodes/node_35__prompt/2d726fc88751d2cc6130d3aaf15df520.webm,False,,.webm,"{""py/object"": ""psynet.asset.LocalStorage"", ""_initialized"": false, ""_root"": null, ""root"": ""/psynet-data/assets""}","{""name"": ""0-7.webm""}",CachedAsset,input/experiment/participant-group-1/block-a/0-7.webm,1,,,,True,CachedAsset,Asset,/psynet-data/assets/cached/label_experiment/nodes/node_35__prompt/2d726fc88751d2cc6130d3aaf15df520.webm
"{""py/object"": ""psynet.trial.static.StaticNode"", ""identifiers"": {""id"": 36}}","{""file_system_path"": ""/psynet-data/assets/cached/label_experiment/nodes/node_36__prompt/3871634d52171ca0028c309037ba2dc7.webm""}",36,2026-02-25 16:17:49,13.1.1,image-stimulus-set-from-directory-demo__mode=live__launch=2026-02-25--16-17-49,True,False,,label_experiment,prompt,nodes/node_36__prompt,label_experiment/nodes/node_36__prompt,label_experiment/nodes/node_36__prompt.webm,,,,,36,36,,False,3871634d52171ca0028c309037ba2dc7,cached/label_experiment/nodes/node_36__prompt/3871634d52171ca0028c309037ba2dc7.webm,/static/assets/cached/label_experiment/nodes/node_36__prompt/3871634d52171ca0028c309037ba2dc7.webm,False,,.webm,"{""py/object"": ""psynet.asset.LocalStorage"", ""_initialized"": false, ""_root"": null, ""root"": ""/psynet-data/assets""}","{""name"": ""0-11.webm""}",CachedAsset,input/experiment/participant-group-1/block-a/0-11.webm,1,,,,True,CachedAsset,Asset,/psynet-data/assets/cached/label_experiment/nodes/node_36__prompt/3871634d52171ca0028c309037ba2dc7.webm
